estado_sigla;preco_medio_etanol;preco_medio_gasolina;paridade_percentual;recomendacao
MT;3.855;6.038;63.84;Compensa ETANOL
MS;3.949;5.954;66.33;Compensa ETANOL
SP;3.874;5.827;66.49;Compensa ETANOL
DF;4.124;6.004;68.69;Compensa ETANOL
GO;4.111;5.979;68.77;Compensa ETANOL
PR;4.215;6.092;69.19;Compensa ETANOL
MG;4.063;5.852;69.43;Compensa ETANOL
AM;4.916;6.828;72.00;Compensa GASOLINA
AC;5.110;7.088;72.10;Compensa GASOLINA
ES;4.451;6.039;73.71;Compensa GASOLINA
BA;4.617;6.252;73.85;Compensa GASOLINA
PB;4.328;5.860;73.86;Compensa GASOLINA
TO;4.607;6.218;74.09;Compensa GASOLINA
RJ;4.476;5.961;75.08;Compensa GASOLINA
SE;4.649;6.190;75.10;Compensa GASOLINA
PE;4.570;6.043;75.62;Compensa GASOLINA
SC;4.604;6.057;76.01;Compensa GASOLINA
PI;4.465;5.832;76.55;Compensa GASOLINA
AL;4.709;6.150;76.57;Compensa GASOLINA
PA;4.752;6.146;77.32;Compensa GASOLINA
RO;5.156;6.601;78.11;Compensa GASOLINA
RR;5.111;6.501;78.62;Compensa GASOLINA
RN;4.873;6.185;78.78;Compensa GASOLINA
CE;4.898;6.167;79.42;Compensa GASOLINA
RS;4.819;5.967;80.75;Compensa GASOLINA
MA;4.784;5.913;80.91;Compensa GASOLINA
AP;5.319;5.732;92.80;Compensa GASOLINA
