estado_sigla;produto;ano_mes;preco_medio;preco_mes_anterior;variacao_percentual
AC;ETANOL;2023-01;4.367;;
AC;ETANOL;2023-02;4.438;4.367;1.63
AC;ETANOL;2023-03;4.439;4.438;0.02
AC;ETANOL;2023-04;4.426;4.439;-0.29
AC;ETANOL;2023-05;4.790;4.426;8.22
AC;ETANOL;2023-06;4.777;4.790;-0.27
AC;ETANOL;2023-07;4.832;4.777;1.15
AC;ETANOL;2023-08;4.850;4.832;0.37
AC;ETANOL;2023-09;4.858;4.850;0.16
AC;ETANOL;2023-10;4.811;4.858;-0.97
AC;ETANOL;2023-11;4.811;4.811;0.00
AC;ETANOL;2023-12;4.806;4.811;-0.10
AC;ETANOL;2024-01;4.777;4.806;-0.60
AC;ETANOL;2024-02;4.799;4.777;0.46
AC;ETANOL;2024-03;4.798;4.799;-0.02
AC;ETANOL;2024-04;4.878;4.798;1.67
AC;ETANOL;2024-05;4.994;4.878;2.38
AC;ETANOL;2024-06;4.902;4.994;-1.84
AC;ETANOL;2024-07;4.965;4.902;1.29
AC;ETANOL;2024-08;5.031;4.965;1.33
AC;ETANOL;2024-09;5.010;5.031;-0.42
AC;ETANOL;2024-10;5.057;5.010;0.94
AC;ETANOL;2024-11;5.236;5.057;3.54
AC;ETANOL;2024-12;5.266;5.236;0.57
AC;ETANOL;2025-01;5.281;5.266;0.28
AC;ETANOL;2025-02;5.437;5.281;2.95
AC;ETANOL;2025-03;5.494;5.437;1.05
AC;ETANOL;2025-04;5.583;5.494;1.62
AC;ETANOL;2025-05;5.545;5.583;-0.68
AC;ETANOL;2025-06;5.521;5.545;-0.43
AC;ETANOL;2025-07;5.516;5.521;-0.09
AC;ETANOL;2025-08;5.505;5.516;-0.20
AC;ETANOL;2025-09;5.395;5.505;-2.00
AC;ETANOL;2025-10;5.395;5.395;0.00
AC;ETANOL;2025-11;5.400;5.395;0.09
AC;ETANOL;2025-12;5.374;5.400;-0.48
AC;ETANOL;2026-01;5.309;5.374;-1.21
AC;ETANOL;2026-02;5.403;5.309;1.77
AC;ETANOL;2026-03;5.698;5.403;5.46
AC;ETANOL;2026-04;5.545;5.698;-2.69
AC;ETANOL;2026-05;5.426;5.545;-2.15
AC;ETANOL;2026-06;5.428;5.426;0.04
AC;GASOLINA;2023-01;5.274;;
AC;GASOLINA;2023-02;5.428;5.274;2.92
AC;GASOLINA;2023-03;5.911;5.428;8.90
AC;GASOLINA;2023-04;5.946;5.911;0.59
AC;GASOLINA;2023-05;6.147;5.946;3.38
AC;GASOLINA;2023-06;6.100;6.147;-0.76
AC;GASOLINA;2023-07;6.502;6.100;6.59
AC;GASOLINA;2023-08;6.766;6.502;4.06
AC;GASOLINA;2023-09;6.937;6.766;2.53
AC;GASOLINA;2023-10;6.900;6.937;-0.53
AC;GASOLINA;2023-11;6.896;6.900;-0.06
AC;GASOLINA;2023-12;6.894;6.896;-0.03
AC;GASOLINA;2024-01;6.876;6.894;-0.26
AC;GASOLINA;2024-02;7.036;6.876;2.33
AC;GASOLINA;2024-03;7.025;7.036;-0.16
AC;GASOLINA;2024-04;6.958;7.025;-0.95
AC;GASOLINA;2024-05;7.016;6.958;0.83
AC;GASOLINA;2024-06;7.042;7.016;0.37
AC;GASOLINA;2024-07;7.218;7.042;2.50
AC;GASOLINA;2024-08;7.305;7.218;1.21
AC;GASOLINA;2024-09;7.332;7.305;0.37
AC;GASOLINA;2024-10;7.400;7.332;0.93
AC;GASOLINA;2024-11;7.513;7.400;1.53
AC;GASOLINA;2024-12;7.546;7.513;0.44
AC;GASOLINA;2025-01;7.497;7.546;-0.65
AC;GASOLINA;2025-02;7.719;7.497;2.96
AC;GASOLINA;2025-03;7.784;7.719;0.84
AC;GASOLINA;2025-04;7.833;7.784;0.63
AC;GASOLINA;2025-05;7.825;7.833;-0.10
AC;GASOLINA;2025-06;7.794;7.825;-0.40
AC;GASOLINA;2025-07;7.764;7.794;-0.38
AC;GASOLINA;2025-08;7.781;7.764;0.22
AC;GASOLINA;2025-09;7.590;7.781;-2.45
AC;GASOLINA;2025-10;7.515;7.590;-0.99
AC;GASOLINA;2025-11;7.477;7.515;-0.51
AC;GASOLINA;2025-12;7.411;7.477;-0.88
AC;GASOLINA;2026-01;7.373;7.411;-0.51
AC;GASOLINA;2026-02;7.435;7.373;0.84
AC;GASOLINA;2026-03;7.690;7.435;3.43
AC;GASOLINA;2026-04;7.550;7.690;-1.82
AC;GASOLINA;2026-05;7.437;7.550;-1.50
AC;GASOLINA;2026-06;7.455;7.437;0.24
AL;ETANOL;2023-01;4.119;;
AL;ETANOL;2023-02;4.185;4.119;1.60
AL;ETANOL;2023-03;4.335;4.185;3.58
AL;ETANOL;2023-04;4.419;4.335;1.94
AL;ETANOL;2023-05;4.535;4.419;2.63
AL;ETANOL;2023-06;4.529;4.535;-0.13
AL;ETANOL;2023-07;4.671;4.529;3.14
AL;ETANOL;2023-08;4.600;4.671;-1.52
AL;ETANOL;2023-09;4.598;4.600;-0.04
AL;ETANOL;2023-10;4.520;4.598;-1.70
AL;ETANOL;2023-11;4.436;4.520;-1.86
AL;ETANOL;2023-12;4.169;4.436;-6.02
AL;ETANOL;2024-01;4.023;4.169;-3.50
AL;ETANOL;2024-02;4.116;4.023;2.31
AL;ETANOL;2024-03;4.139;4.116;0.56
AL;ETANOL;2024-04;4.398;4.139;6.26
AL;ETANOL;2024-05;4.519;4.398;2.75
AL;ETANOL;2024-06;4.614;4.519;2.10
AL;ETANOL;2024-07;4.802;4.614;4.07
AL;ETANOL;2024-08;4.946;4.802;3.00
AL;ETANOL;2024-09;4.917;4.946;-0.59
AL;ETANOL;2024-10;4.760;4.917;-3.19
AL;ETANOL;2024-11;4.650;4.760;-2.31
AL;ETANOL;2024-12;4.663;4.650;0.28
AL;ETANOL;2025-01;4.731;4.663;1.46
AL;ETANOL;2025-02;4.981;4.731;5.28
AL;ETANOL;2025-03;4.957;4.981;-0.48
AL;ETANOL;2025-04;4.995;4.957;0.77
AL;ETANOL;2025-05;5.038;4.995;0.86
AL;ETANOL;2025-06;5.032;5.038;-0.12
AL;ETANOL;2025-07;5.087;5.032;1.09
AL;ETANOL;2025-08;5.054;5.087;-0.65
AL;ETANOL;2025-09;4.896;5.054;-3.13
AL;ETANOL;2025-10;5.040;4.896;2.94
AL;ETANOL;2025-11;4.972;5.040;-1.35
AL;ETANOL;2025-12;4.972;4.972;0.00
AL;ETANOL;2026-01;4.950;4.972;-0.44
AL;ETANOL;2026-02;5.080;4.950;2.63
AL;ETANOL;2026-03;5.217;5.080;2.70
AL;ETANOL;2026-04;5.364;5.217;2.82
AL;ETANOL;2026-05;5.284;5.364;-1.49
AL;ETANOL;2026-06;5.121;5.284;-3.08
AL;GASOLINA;2023-01;5.180;;
AL;GASOLINA;2023-02;5.292;5.180;2.16
AL;GASOLINA;2023-03;5.713;5.292;7.96
AL;GASOLINA;2023-04;5.852;5.713;2.43
AL;GASOLINA;2023-05;5.776;5.852;-1.30
AL;GASOLINA;2023-06;5.554;5.776;-3.84
AL;GASOLINA;2023-07;5.724;5.554;3.06
AL;GASOLINA;2023-08;5.894;5.724;2.97
AL;GASOLINA;2023-09;6.021;5.894;2.15
AL;GASOLINA;2023-10;5.952;6.021;-1.15
AL;GASOLINA;2023-11;5.947;5.952;-0.08
AL;GASOLINA;2023-12;5.783;5.947;-2.76
AL;GASOLINA;2024-01;5.721;5.783;-1.07
AL;GASOLINA;2024-02;5.862;5.721;2.46
AL;GASOLINA;2024-03;5.784;5.862;-1.33
AL;GASOLINA;2024-04;5.953;5.784;2.92
AL;GASOLINA;2024-05;6.044;5.953;1.53
AL;GASOLINA;2024-06;6.079;6.044;0.58
AL;GASOLINA;2024-07;6.283;6.079;3.36
AL;GASOLINA;2024-08;6.352;6.283;1.10
AL;GASOLINA;2024-09;6.344;6.352;-0.13
AL;GASOLINA;2024-10;6.281;6.344;-0.99
AL;GASOLINA;2024-11;6.236;6.281;-0.72
AL;GASOLINA;2024-12;6.271;6.236;0.56
AL;GASOLINA;2025-01;6.306;6.271;0.56
AL;GASOLINA;2025-02;6.522;6.306;3.43
AL;GASOLINA;2025-03;6.434;6.522;-1.35
AL;GASOLINA;2025-04;6.418;6.434;-0.25
AL;GASOLINA;2025-05;6.389;6.418;-0.45
AL;GASOLINA;2025-06;6.324;6.389;-1.02
AL;GASOLINA;2025-07;6.299;6.324;-0.40
AL;GASOLINA;2025-08;6.232;6.299;-1.06
AL;GASOLINA;2025-09;6.017;6.232;-3.45
AL;GASOLINA;2025-10;6.229;6.017;3.52
AL;GASOLINA;2025-11;6.340;6.229;1.78
AL;GASOLINA;2025-12;6.342;6.340;0.03
AL;GASOLINA;2026-01;6.263;6.342;-1.25
AL;GASOLINA;2026-02;6.315;6.263;0.83
AL;GASOLINA;2026-03;6.759;6.315;7.03
AL;GASOLINA;2026-04;6.949;6.759;2.81
AL;GASOLINA;2026-05;6.857;6.949;-1.32
AL;GASOLINA;2026-06;6.897;6.857;0.58
AM;ETANOL;2023-01;3.908;;
AM;ETANOL;2023-02;3.928;3.908;0.51
AM;ETANOL;2023-03;4.441;3.928;13.06
AM;ETANOL;2023-04;4.742;4.441;6.78
AM;ETANOL;2023-05;4.659;4.742;-1.75
AM;ETANOL;2023-06;4.533;4.659;-2.70
AM;ETANOL;2023-07;4.694;4.533;3.55
AM;ETANOL;2023-08;4.635;4.694;-1.26
AM;ETANOL;2023-09;4.680;4.635;0.97
AM;ETANOL;2023-10;4.619;4.680;-1.30
AM;ETANOL;2023-11;4.606;4.619;-0.28
AM;ETANOL;2023-12;4.499;4.606;-2.32
AM;ETANOL;2024-01;4.247;4.499;-5.60
AM;ETANOL;2024-02;4.237;4.247;-0.24
AM;ETANOL;2024-03;4.389;4.237;3.59
AM;ETANOL;2024-04;4.333;4.389;-1.28
AM;ETANOL;2024-05;4.336;4.333;0.07
AM;ETANOL;2024-06;4.361;4.336;0.58
AM;ETANOL;2024-07;4.615;4.361;5.82
AM;ETANOL;2024-08;4.848;4.615;5.05
AM;ETANOL;2024-09;4.858;4.848;0.21
AM;ETANOL;2024-10;4.974;4.858;2.39
AM;ETANOL;2024-11;5.018;4.974;0.88
AM;ETANOL;2024-12;5.011;5.018;-0.14
AM;ETANOL;2025-01;5.004;5.011;-0.14
AM;ETANOL;2025-02;5.319;5.004;6.29
AM;ETANOL;2025-03;5.475;5.319;2.93
AM;ETANOL;2025-04;5.480;5.475;0.09
AM;ETANOL;2025-05;5.478;5.480;-0.04
AM;ETANOL;2025-06;5.484;5.478;0.11
AM;ETANOL;2025-07;5.485;5.484;0.02
AM;ETANOL;2025-08;5.490;5.485;0.09
AM;ETANOL;2025-09;5.489;5.490;-0.02
AM;ETANOL;2025-10;5.475;5.489;-0.26
AM;ETANOL;2025-11;5.473;5.475;-0.04
AM;ETANOL;2025-12;5.476;5.473;0.05
AM;ETANOL;2026-01;5.480;5.476;0.07
AM;ETANOL;2026-02;5.474;5.480;-0.11
AM;ETANOL;2026-03;5.542;5.474;1.24
AM;ETANOL;2026-04;5.385;5.542;-2.83
AM;ETANOL;2026-05;5.207;5.385;-3.31
AM;ETANOL;2026-06;5.017;5.207;-3.65
AM;GASOLINA;2023-01;5.214;;
AM;GASOLINA;2023-02;5.599;5.214;7.38
AM;GASOLINA;2023-03;6.455;5.599;15.29
AM;GASOLINA;2023-04;6.523;6.455;1.05
AM;GASOLINA;2023-05;6.492;6.523;-0.48
AM;GASOLINA;2023-06;6.196;6.492;-4.56
AM;GASOLINA;2023-07;6.425;6.196;3.70
AM;GASOLINA;2023-08;6.611;6.425;2.89
AM;GASOLINA;2023-09;6.759;6.611;2.24
AM;GASOLINA;2023-10;6.606;6.759;-2.26
AM;GASOLINA;2023-11;6.683;6.606;1.17
AM;GASOLINA;2023-12;6.518;6.683;-2.47
AM;GASOLINA;2024-01;6.083;6.518;-6.67
AM;GASOLINA;2024-02;6.330;6.083;4.06
AM;GASOLINA;2024-03;6.586;6.330;4.04
AM;GASOLINA;2024-04;6.564;6.586;-0.33
AM;GASOLINA;2024-05;6.583;6.564;0.29
AM;GASOLINA;2024-06;6.570;6.583;-0.20
AM;GASOLINA;2024-07;6.722;6.570;2.31
AM;GASOLINA;2024-08;7.020;6.722;4.43
AM;GASOLINA;2024-09;6.985;7.020;-0.50
AM;GASOLINA;2024-10;7.112;6.985;1.82
AM;GASOLINA;2024-11;7.122;7.112;0.14
AM;GASOLINA;2024-12;7.127;7.122;0.07
AM;GASOLINA;2025-01;7.129;7.127;0.03
AM;GASOLINA;2025-02;7.351;7.129;3.11
AM;GASOLINA;2025-03;7.417;7.351;0.90
AM;GASOLINA;2025-04;7.406;7.417;-0.15
AM;GASOLINA;2025-05;7.249;7.406;-2.12
AM;GASOLINA;2025-06;7.241;7.249;-0.11
AM;GASOLINA;2025-07;7.254;7.241;0.18
AM;GASOLINA;2025-08;7.164;7.254;-1.24
AM;GASOLINA;2025-09;7.185;7.164;0.29
AM;GASOLINA;2025-10;7.115;7.185;-0.97
AM;GASOLINA;2025-11;7.009;7.115;-1.49
AM;GASOLINA;2025-12;7.151;7.009;2.03
AM;GASOLINA;2026-01;7.162;7.151;0.15
AM;GASOLINA;2026-02;7.140;7.162;-0.31
AM;GASOLINA;2026-03;7.511;7.140;5.20
AM;GASOLINA;2026-04;7.586;7.511;1.00
AM;GASOLINA;2026-05;7.306;7.586;-3.69
AM;GASOLINA;2026-06;7.101;7.306;-2.81
AP;ETANOL;2023-01;5.186;;
AP;ETANOL;2023-02;5.113;5.186;-1.41
AP;ETANOL;2023-03;5.155;5.113;0.82
AP;ETANOL;2023-04;5.500;5.155;6.69
AP;ETANOL;2023-05;5.320;5.500;-3.27
AP;ETANOL;2023-06;5.187;5.320;-2.50
AP;ETANOL;2023-07;5.307;5.187;2.31
AP;ETANOL;2023-08;5.398;5.307;1.71
AP;ETANOL;2023-09;5.495;5.398;1.80
AP;ETANOL;2023-10;5.548;5.495;0.96
AP;ETANOL;2023-11;5.443;5.548;-1.89
AP;ETANOL;2023-12;5.353;5.443;-1.65
AP;ETANOL;2024-01;5.290;5.353;-1.18
AP;ETANOL;2024-02;5.128;5.290;-3.06
AP;ETANOL;2024-03;4.940;5.128;-3.67
AP;ETANOL;2024-04;4.965;4.940;0.51
AP;ETANOL;2024-05;4.990;4.965;0.50
AP;ETANOL;2024-06;4.806;4.990;-3.69
AP;ETANOL;2024-07;4.843;4.806;0.77
AP;ETANOL;2024-08;5.014;4.843;3.53
AP;ETANOL;2024-09;5.028;5.014;0.28
AP;ETANOL;2024-10;4.992;5.028;-0.72
AP;ETANOL;2024-11;5.179;4.992;3.75
AP;ETANOL;2024-12;5.265;5.179;1.66
AP;ETANOL;2025-01;5.272;5.265;0.13
AP;ETANOL;2025-02;5.484;5.272;4.02
AP;ETANOL;2025-03;5.480;5.484;-0.07
AP;ETANOL;2025-04;5.453;5.480;-0.49
AP;ETANOL;2025-05;5.376;5.453;-1.41
AP;ETANOL;2025-06;5.370;5.376;-0.11
AP;ETANOL;2025-07;5.370;5.370;0.00
AP;ETANOL;2025-08;5.403;5.370;0.61
AP;ETANOL;2025-09;5.477;5.403;1.37
AP;ETANOL;2025-10;5.484;5.477;0.13
AP;ETANOL;2025-11;5.540;5.484;1.02
AP;ETANOL;2025-12;5.728;5.540;3.39
AP;ETANOL;2026-02;5.890;5.728;2.83
AP;ETANOL;2026-03;5.890;5.890;0.00
AP;ETANOL;2026-04;5.890;5.890;0.00
AP;ETANOL;2026-05;5.911;5.890;0.36
AP;ETANOL;2026-06;5.892;5.911;-0.32
AP;GASOLINA;2023-01;4.579;;
AP;GASOLINA;2023-02;4.739;4.579;3.49
AP;GASOLINA;2023-03;5.198;4.739;9.69
AP;GASOLINA;2023-04;5.145;5.198;-1.02
AP;GASOLINA;2023-05;5.002;5.145;-2.78
AP;GASOLINA;2023-06;5.032;5.002;0.60
AP;GASOLINA;2023-07;5.284;5.032;5.01
AP;GASOLINA;2023-08;5.490;5.284;3.90
AP;GASOLINA;2023-09;5.676;5.490;3.39
AP;GASOLINA;2023-10;5.616;5.676;-1.06
AP;GASOLINA;2023-11;5.601;5.616;-0.27
AP;GASOLINA;2023-12;5.544;5.601;-1.02
AP;GASOLINA;2024-01;5.476;5.544;-1.23
AP;GASOLINA;2024-02;5.615;5.476;2.54
AP;GASOLINA;2024-03;5.606;5.615;-0.16
AP;GASOLINA;2024-04;5.650;5.606;0.78
AP;GASOLINA;2024-05;5.651;5.650;0.02
AP;GASOLINA;2024-06;5.652;5.651;0.02
AP;GASOLINA;2024-07;5.818;5.652;2.94
AP;GASOLINA;2024-08;5.940;5.818;2.10
AP;GASOLINA;2024-09;5.932;5.940;-0.13
AP;GASOLINA;2024-10;5.904;5.932;-0.47
AP;GASOLINA;2024-11;5.926;5.904;0.37
AP;GASOLINA;2024-12;5.918;5.926;-0.13
AP;GASOLINA;2025-01;5.932;5.918;0.24
AP;GASOLINA;2025-02;6.069;5.932;2.31
AP;GASOLINA;2025-03;6.071;6.069;0.03
AP;GASOLINA;2025-04;6.071;6.071;0.00
AP;GASOLINA;2025-05;6.064;6.071;-0.12
AP;GASOLINA;2025-06;6.062;6.064;-0.03
AP;GASOLINA;2025-07;6.061;6.062;-0.02
AP;GASOLINA;2025-08;6.029;6.061;-0.53
AP;GASOLINA;2025-09;6.026;6.029;-0.05
AP;GASOLINA;2025-10;6.026;6.026;0.00
AP;GASOLINA;2025-11;6.057;6.026;0.51
AP;GASOLINA;2025-12;6.055;6.057;-0.03
AP;GASOLINA;2026-01;6.200;6.055;2.39
AP;GASOLINA;2026-02;6.088;6.200;-1.81
AP;GASOLINA;2026-03;6.280;6.088;3.15
AP;GASOLINA;2026-04;6.549;6.280;4.28
AP;GASOLINA;2026-05;6.572;6.549;0.35
AP;GASOLINA;2026-06;6.505;6.572;-1.02
BA;ETANOL;2023-01;4.478;;
BA;ETANOL;2023-02;4.363;4.478;-2.57
BA;ETANOL;2023-03;4.576;4.363;4.88
BA;ETANOL;2023-04;4.501;4.576;-1.64
BA;ETANOL;2023-05;4.400;4.501;-2.24
BA;ETANOL;2023-06;4.381;4.400;-0.43
BA;ETANOL;2023-07;4.591;4.381;4.79
BA;ETANOL;2023-08;4.507;4.591;-1.83
BA;ETANOL;2023-09;4.430;4.507;-1.71
BA;ETANOL;2023-10;4.310;4.430;-2.71
BA;ETANOL;2023-11;4.265;4.310;-1.04
BA;ETANOL;2023-12;4.209;4.265;-1.31
BA;ETANOL;2024-01;4.192;4.209;-0.40
BA;ETANOL;2024-02;4.242;4.192;1.19
BA;ETANOL;2024-03;4.214;4.242;-0.66
BA;ETANOL;2024-04;4.469;4.214;6.05
BA;ETANOL;2024-05;4.508;4.469;0.87
BA;ETANOL;2024-06;4.485;4.508;-0.51
BA;ETANOL;2024-07;4.539;4.485;1.20
BA;ETANOL;2024-08;4.622;4.539;1.83
BA;ETANOL;2024-09;4.554;4.622;-1.47
BA;ETANOL;2024-10;4.515;4.554;-0.86
BA;ETANOL;2024-11;4.490;4.515;-0.55
BA;ETANOL;2024-12;4.550;4.490;1.34
BA;ETANOL;2025-01;4.681;4.550;2.88
BA;ETANOL;2025-02;4.881;4.681;4.27
BA;ETANOL;2025-03;4.885;4.881;0.08
BA;ETANOL;2025-04;4.849;4.885;-0.74
BA;ETANOL;2025-05;4.826;4.849;-0.47
BA;ETANOL;2025-06;4.810;4.826;-0.33
BA;ETANOL;2025-07;4.720;4.810;-1.87
BA;ETANOL;2025-08;4.647;4.720;-1.55
BA;ETANOL;2025-09;4.706;4.647;1.27
BA;ETANOL;2025-10;4.789;4.706;1.76
BA;ETANOL;2025-11;4.745;4.789;-0.92
BA;ETANOL;2025-12;4.774;4.745;0.61
BA;ETANOL;2026-01;5.020;4.774;5.15
BA;ETANOL;2026-02;5.036;5.020;0.32
BA;ETANOL;2026-03;5.401;5.036;7.25
BA;ETANOL;2026-04;5.478;5.401;1.43
BA;ETANOL;2026-05;5.245;5.478;-4.25
BA;ETANOL;2026-06;5.037;5.245;-3.97
BA;GASOLINA;2023-01;5.533;;
BA;GASOLINA;2023-02;5.392;5.533;-2.55
BA;GASOLINA;2023-03;5.861;5.392;8.70
BA;GASOLINA;2023-04;5.850;5.861;-0.19
BA;GASOLINA;2023-05;5.523;5.850;-5.59
BA;GASOLINA;2023-06;5.574;5.523;0.92
BA;GASOLINA;2023-07;5.946;5.574;6.67
BA;GASOLINA;2023-08;6.091;5.946;2.44
BA;GASOLINA;2023-09;6.101;6.091;0.16
BA;GASOLINA;2023-10;6.070;6.101;-0.51
BA;GASOLINA;2023-11;5.917;6.070;-2.52
BA;GASOLINA;2023-12;5.857;5.917;-1.01
BA;GASOLINA;2024-01;5.835;5.857;-0.38
BA;GASOLINA;2024-02;6.024;5.835;3.24
BA;GASOLINA;2024-03;5.921;6.024;-1.71
BA;GASOLINA;2024-04;6.151;5.921;3.88
BA;GASOLINA;2024-05;6.240;6.151;1.45
BA;GASOLINA;2024-06;6.208;6.240;-0.51
BA;GASOLINA;2024-07;6.292;6.208;1.35
BA;GASOLINA;2024-08;6.358;6.292;1.05
BA;GASOLINA;2024-09;6.261;6.358;-1.53
BA;GASOLINA;2024-10;6.260;6.261;-0.02
BA;GASOLINA;2024-11;6.283;6.260;0.37
BA;GASOLINA;2024-12;6.365;6.283;1.31
BA;GASOLINA;2025-01;6.415;6.365;0.79
BA;GASOLINA;2025-02;6.566;6.415;2.35
BA;GASOLINA;2025-03;6.534;6.566;-0.49
BA;GASOLINA;2025-04;6.440;6.534;-1.44
BA;GASOLINA;2025-05;6.367;6.440;-1.13
BA;GASOLINA;2025-06;6.404;6.367;0.58
BA;GASOLINA;2025-07;6.306;6.404;-1.53
BA;GASOLINA;2025-08;6.259;6.306;-0.75
BA;GASOLINA;2025-09;6.245;6.259;-0.22
BA;GASOLINA;2025-10;6.327;6.245;1.31
BA;GASOLINA;2025-11;6.329;6.327;0.03
BA;GASOLINA;2025-12;6.339;6.329;0.16
BA;GASOLINA;2026-01;6.533;6.339;3.06
BA;GASOLINA;2026-02;6.500;6.533;-0.51
BA;GASOLINA;2026-03;7.150;6.500;10.00
BA;GASOLINA;2026-04;7.416;7.150;3.72
BA;GASOLINA;2026-05;7.275;7.416;-1.90
BA;GASOLINA;2026-06;7.161;7.275;-1.57
CE;ETANOL;2023-01;4.585;;
CE;ETANOL;2023-02;4.628;4.585;0.94
CE;ETANOL;2023-03;4.677;4.628;1.06
CE;ETANOL;2023-04;4.651;4.677;-0.56
CE;ETANOL;2023-05;4.636;4.651;-0.32
CE;ETANOL;2023-06;4.550;4.636;-1.86
CE;ETANOL;2023-07;4.803;4.550;5.56
CE;ETANOL;2023-08;4.786;4.803;-0.35
CE;ETANOL;2023-09;4.750;4.786;-0.75
CE;ETANOL;2023-10;4.671;4.750;-1.66
CE;ETANOL;2023-11;4.533;4.671;-2.95
CE;ETANOL;2023-12;4.524;4.533;-0.20
CE;ETANOL;2024-01;4.454;4.524;-1.55
CE;ETANOL;2024-02;4.516;4.454;1.39
CE;ETANOL;2024-03;4.529;4.516;0.29
CE;ETANOL;2024-04;4.587;4.529;1.28
CE;ETANOL;2024-05;4.712;4.587;2.73
CE;ETANOL;2024-06;4.733;4.712;0.45
CE;ETANOL;2024-07;5.006;4.733;5.77
CE;ETANOL;2024-08;5.126;5.006;2.40
CE;ETANOL;2024-09;5.104;5.126;-0.43
CE;ETANOL;2024-10;5.051;5.104;-1.04
CE;ETANOL;2024-11;4.974;5.051;-1.52
CE;ETANOL;2024-12;4.970;4.974;-0.08
CE;ETANOL;2025-01;4.931;4.970;-0.78
CE;ETANOL;2025-02;5.129;4.931;4.02
CE;ETANOL;2025-03;5.190;5.129;1.19
CE;ETANOL;2025-04;5.304;5.190;2.20
CE;ETANOL;2025-05;5.320;5.304;0.30
CE;ETANOL;2025-06;5.278;5.320;-0.79
CE;ETANOL;2025-07;5.269;5.278;-0.17
CE;ETANOL;2025-08;5.179;5.269;-1.71
CE;ETANOL;2025-09;5.089;5.179;-1.74
CE;ETANOL;2025-10;5.039;5.089;-0.98
CE;ETANOL;2025-11;4.876;5.039;-3.23
CE;ETANOL;2025-12;4.861;4.876;-0.31
CE;ETANOL;2026-01;5.032;4.861;3.52
CE;ETANOL;2026-02;5.140;5.032;2.15
CE;ETANOL;2026-03;5.348;5.140;4.05
CE;ETANOL;2026-04;5.513;5.348;3.09
CE;ETANOL;2026-05;5.404;5.513;-1.98
CE;ETANOL;2026-06;5.278;5.404;-2.33
CE;GASOLINA;2023-01;5.521;;
CE;GASOLINA;2023-02;5.685;5.521;2.97
CE;GASOLINA;2023-03;5.873;5.685;3.31
CE;GASOLINA;2023-04;5.839;5.873;-0.58
CE;GASOLINA;2023-05;5.741;5.839;-1.68
CE;GASOLINA;2023-06;5.435;5.741;-5.33
CE;GASOLINA;2023-07;5.914;5.435;8.81
CE;GASOLINA;2023-08;6.143;5.914;3.87
CE;GASOLINA;2023-09;6.186;6.143;0.70
CE;GASOLINA;2023-10;5.900;6.186;-4.62
CE;GASOLINA;2023-11;5.715;5.900;-3.14
CE;GASOLINA;2023-12;5.882;5.715;2.92
CE;GASOLINA;2024-01;5.884;5.882;0.03
CE;GASOLINA;2024-02;6.011;5.884;2.16
CE;GASOLINA;2024-03;5.957;6.011;-0.90
CE;GASOLINA;2024-04;5.885;5.957;-1.21
CE;GASOLINA;2024-05;6.020;5.885;2.29
CE;GASOLINA;2024-06;5.932;6.020;-1.46
CE;GASOLINA;2024-07;6.304;5.932;6.27
CE;GASOLINA;2024-08;6.342;6.304;0.60
CE;GASOLINA;2024-09;6.198;6.342;-2.27
CE;GASOLINA;2024-10;6.150;6.198;-0.77
CE;GASOLINA;2024-11;6.167;6.150;0.28
CE;GASOLINA;2024-12;6.379;6.167;3.44
CE;GASOLINA;2025-01;6.393;6.379;0.22
CE;GASOLINA;2025-02;6.408;6.393;0.23
CE;GASOLINA;2025-03;6.411;6.408;0.05
CE;GASOLINA;2025-04;6.511;6.411;1.56
CE;GASOLINA;2025-05;6.518;6.511;0.11
CE;GASOLINA;2025-06;6.446;6.518;-1.10
CE;GASOLINA;2025-07;6.423;6.446;-0.36
CE;GASOLINA;2025-08;6.377;6.423;-0.72
CE;GASOLINA;2025-09;6.315;6.377;-0.97
CE;GASOLINA;2025-10;6.295;6.315;-0.32
CE;GASOLINA;2025-11;6.213;6.295;-1.30
CE;GASOLINA;2025-12;6.191;6.213;-0.35
CE;GASOLINA;2026-01;6.288;6.191;1.57
CE;GASOLINA;2026-02;6.426;6.288;2.19
CE;GASOLINA;2026-03;6.744;6.426;4.95
CE;GASOLINA;2026-04;6.979;6.744;3.48
CE;GASOLINA;2026-05;6.910;6.979;-0.99
CE;GASOLINA;2026-06;6.971;6.910;0.88
DF;ETANOL;2023-01;3.979;;
DF;ETANOL;2023-02;3.893;3.979;-2.16
DF;ETANOL;2023-03;4.034;3.893;3.62
DF;ETANOL;2023-04;4.052;4.034;0.45
DF;ETANOL;2023-05;4.005;4.052;-1.16
DF;ETANOL;2023-06;3.834;4.005;-4.27
DF;ETANOL;2023-07;3.852;3.834;0.47
DF;ETANOL;2023-08;3.725;3.852;-3.30
DF;ETANOL;2023-09;3.810;3.725;2.28
DF;ETANOL;2023-10;3.677;3.810;-3.49
DF;ETANOL;2023-11;3.610;3.677;-1.82
DF;ETANOL;2023-12;3.590;3.610;-0.55
DF;ETANOL;2024-01;3.466;3.590;-3.45
DF;ETANOL;2024-02;3.586;3.466;3.46
DF;ETANOL;2024-03;3.559;3.586;-0.75
DF;ETANOL;2024-04;3.925;3.559;10.28
DF;ETANOL;2024-05;3.916;3.925;-0.23
DF;ETANOL;2024-06;3.864;3.916;-1.33
DF;ETANOL;2024-07;4.028;3.864;4.24
DF;ETANOL;2024-08;4.188;4.028;3.97
DF;ETANOL;2024-09;4.145;4.188;-1.03
DF;ETANOL;2024-10;4.103;4.145;-1.01
DF;ETANOL;2024-11;4.171;4.103;1.66
DF;ETANOL;2024-12;4.103;4.171;-1.63
DF;ETANOL;2025-01;4.203;4.103;2.44
DF;ETANOL;2025-02;4.754;4.203;13.11
DF;ETANOL;2025-03;4.760;4.754;0.13
DF;ETANOL;2025-04;4.683;4.760;-1.62
DF;ETANOL;2025-05;4.804;4.683;2.58
DF;ETANOL;2025-06;4.744;4.804;-1.25
DF;ETANOL;2025-07;4.627;4.744;-2.47
DF;ETANOL;2025-08;4.618;4.627;-0.19
DF;ETANOL;2025-09;4.576;4.618;-0.91
DF;ETANOL;2025-10;4.507;4.576;-1.51
DF;ETANOL;2025-11;4.593;4.507;1.91
DF;ETANOL;2025-12;4.763;4.593;3.70
DF;ETANOL;2026-01;4.819;4.763;1.18
DF;ETANOL;2026-02;4.923;4.819;2.16
DF;ETANOL;2026-03;5.151;4.923;4.63
DF;ETANOL;2026-04;4.999;5.151;-2.95
DF;ETANOL;2026-05;4.342;4.999;-13.14
DF;ETANOL;2026-06;4.106;4.342;-5.44
DF;GASOLINA;2023-01;4.943;;
DF;GASOLINA;2023-02;4.889;4.943;-1.09
DF;GASOLINA;2023-03;5.517;4.889;12.85
DF;GASOLINA;2023-04;5.583;5.517;1.20
DF;GASOLINA;2023-05;5.461;5.583;-2.19
DF;GASOLINA;2023-06;5.425;5.461;-0.66
DF;GASOLINA;2023-07;5.555;5.425;2.40
DF;GASOLINA;2023-08;5.584;5.555;0.52
DF;GASOLINA;2023-09;5.765;5.584;3.24
DF;GASOLINA;2023-10;5.616;5.765;-2.58
DF;GASOLINA;2023-11;5.523;5.616;-1.66
DF;GASOLINA;2023-12;5.543;5.523;0.36
DF;GASOLINA;2024-01;5.456;5.543;-1.57
DF;GASOLINA;2024-02;5.807;5.456;6.43
DF;GASOLINA;2024-03;5.661;5.807;-2.51
DF;GASOLINA;2024-04;5.836;5.661;3.09
DF;GASOLINA;2024-05;5.797;5.836;-0.67
DF;GASOLINA;2024-06;5.867;5.797;1.21
DF;GASOLINA;2024-07;5.978;5.867;1.89
DF;GASOLINA;2024-08;6.085;5.978;1.79
DF;GASOLINA;2024-09;6.026;6.085;-0.97
DF;GASOLINA;2024-10;6.117;6.026;1.51
DF;GASOLINA;2024-11;6.139;6.117;0.36
DF;GASOLINA;2024-12;6.025;6.139;-1.86
DF;GASOLINA;2025-01;6.186;6.025;2.67
DF;GASOLINA;2025-02;6.549;6.186;5.87
DF;GASOLINA;2025-03;6.590;6.549;0.63
DF;GASOLINA;2025-04;6.502;6.590;-1.34
DF;GASOLINA;2025-05;6.615;6.502;1.74
DF;GASOLINA;2025-06;6.555;6.615;-0.91
DF;GASOLINA;2025-07;6.443;6.555;-1.71
DF;GASOLINA;2025-08;6.487;6.443;0.68
DF;GASOLINA;2025-09;6.362;6.487;-1.93
DF;GASOLINA;2025-10;6.318;6.362;-0.69
DF;GASOLINA;2025-11;6.352;6.318;0.54
DF;GASOLINA;2025-12;6.364;6.352;0.19
DF;GASOLINA;2026-01;6.459;6.364;1.49
DF;GASOLINA;2026-02;6.298;6.459;-2.49
DF;GASOLINA;2026-03;6.506;6.298;3.30
DF;GASOLINA;2026-04;6.435;6.506;-1.09
DF;GASOLINA;2026-05;6.424;6.435;-0.17
DF;GASOLINA;2026-06;6.459;6.424;0.54
ES;ETANOL;2023-01;4.401;;
ES;ETANOL;2023-02;4.383;4.401;-0.41
ES;ETANOL;2023-03;4.507;4.383;2.83
ES;ETANOL;2023-04;4.493;4.507;-0.31
ES;ETANOL;2023-05;4.558;4.493;1.45
ES;ETANOL;2023-06;4.428;4.558;-2.85
ES;ETANOL;2023-07;4.484;4.428;1.26
ES;ETANOL;2023-08;4.332;4.484;-3.39
ES;ETANOL;2023-09;4.304;4.332;-0.65
ES;ETANOL;2023-10;4.211;4.304;-2.16
ES;ETANOL;2023-11;4.167;4.211;-1.04
ES;ETANOL;2023-12;4.108;4.167;-1.42
ES;ETANOL;2024-01;4.023;4.108;-2.07
ES;ETANOL;2024-02;4.106;4.023;2.06
ES;ETANOL;2024-03;4.073;4.106;-0.80
ES;ETANOL;2024-04;4.182;4.073;2.68
ES;ETANOL;2024-05;4.233;4.182;1.22
ES;ETANOL;2024-06;4.215;4.233;-0.43
ES;ETANOL;2024-07;4.339;4.215;2.94
ES;ETANOL;2024-08;4.446;4.339;2.47
ES;ETANOL;2024-09;4.407;4.446;-0.88
ES;ETANOL;2024-10;4.433;4.407;0.59
ES;ETANOL;2024-11;4.394;4.433;-0.88
ES;ETANOL;2024-12;4.370;4.394;-0.55
ES;ETANOL;2025-01;4.448;4.370;1.78
ES;ETANOL;2025-02;4.619;4.448;3.84
ES;ETANOL;2025-03;4.611;4.619;-0.17
ES;ETANOL;2025-04;4.590;4.611;-0.46
ES;ETANOL;2025-05;4.560;4.590;-0.65
ES;ETANOL;2025-06;4.507;4.560;-1.16
ES;ETANOL;2025-07;4.475;4.507;-0.71
ES;ETANOL;2025-08;4.418;4.475;-1.27
ES;ETANOL;2025-09;4.475;4.418;1.29
ES;ETANOL;2025-10;4.531;4.475;1.25
ES;ETANOL;2025-11;4.502;4.531;-0.64
ES;ETANOL;2025-12;4.544;4.502;0.93
ES;ETANOL;2026-01;4.740;4.544;4.31
ES;ETANOL;2026-02;4.790;4.740;1.05
ES;ETANOL;2026-03;4.918;4.790;2.67
ES;ETANOL;2026-04;5.064;4.918;2.97
ES;ETANOL;2026-05;4.997;5.064;-1.32
ES;ETANOL;2026-06;4.864;4.997;-2.66
ES;GASOLINA;2023-01;5.113;;
ES;GASOLINA;2023-02;5.225;5.113;2.19
ES;GASOLINA;2023-03;5.708;5.225;9.24
ES;GASOLINA;2023-04;5.572;5.708;-2.38
ES;GASOLINA;2023-05;5.449;5.572;-2.21
ES;GASOLINA;2023-06;5.587;5.449;2.53
ES;GASOLINA;2023-07;5.781;5.587;3.47
ES;GASOLINA;2023-08;5.837;5.781;0.97
ES;GASOLINA;2023-09;5.985;5.837;2.54
ES;GASOLINA;2023-10;5.922;5.985;-1.05
ES;GASOLINA;2023-11;5.822;5.922;-1.69
ES;GASOLINA;2023-12;5.698;5.822;-2.13
ES;GASOLINA;2024-01;5.603;5.698;-1.67
ES;GASOLINA;2024-02;5.845;5.603;4.32
ES;GASOLINA;2024-03;5.773;5.845;-1.23
ES;GASOLINA;2024-04;5.899;5.773;2.18
ES;GASOLINA;2024-05;6.024;5.899;2.12
ES;GASOLINA;2024-06;6.000;6.024;-0.40
ES;GASOLINA;2024-07;6.168;6.000;2.80
ES;GASOLINA;2024-08;6.255;6.168;1.41
ES;GASOLINA;2024-09;6.201;6.255;-0.86
ES;GASOLINA;2024-10;6.335;6.201;2.16
ES;GASOLINA;2024-11;6.290;6.335;-0.71
ES;GASOLINA;2024-12;6.195;6.290;-1.51
ES;GASOLINA;2025-01;6.270;6.195;1.21
ES;GASOLINA;2025-02;6.499;6.270;3.65
ES;GASOLINA;2025-03;6.411;6.499;-1.35
ES;GASOLINA;2025-04;6.348;6.411;-0.98
ES;GASOLINA;2025-05;6.229;6.348;-1.87
ES;GASOLINA;2025-06;6.083;6.229;-2.34
ES;GASOLINA;2025-07;6.138;6.083;0.90
ES;GASOLINA;2025-08;6.071;6.138;-1.09
ES;GASOLINA;2025-09;6.135;6.071;1.05
ES;GASOLINA;2025-10;6.304;6.135;2.75
ES;GASOLINA;2025-11;6.247;6.304;-0.90
ES;GASOLINA;2025-12;6.284;6.247;0.59
ES;GASOLINA;2026-01;6.376;6.284;1.46
ES;GASOLINA;2026-02;6.237;6.376;-2.18
ES;GASOLINA;2026-03;6.449;6.237;3.40
ES;GASOLINA;2026-04;6.610;6.449;2.50
ES;GASOLINA;2026-05;6.626;6.610;0.24
ES;GASOLINA;2026-06;6.643;6.626;0.26
GO;ETANOL;2023-01;3.741;;
GO;ETANOL;2023-02;3.771;3.741;0.80
GO;ETANOL;2023-03;4.032;3.771;6.92
GO;ETANOL;2023-04;4.049;4.032;0.42
GO;ETANOL;2023-05;4.018;4.049;-0.77
GO;ETANOL;2023-06;3.756;4.018;-6.52
GO;ETANOL;2023-07;3.756;3.756;0.00
GO;ETANOL;2023-08;3.593;3.756;-4.34
GO;ETANOL;2023-09;3.627;3.593;0.95
GO;ETANOL;2023-10;3.623;3.627;-0.11
GO;ETANOL;2023-11;3.549;3.623;-2.04
GO;ETANOL;2023-12;3.456;3.549;-2.62
GO;ETANOL;2024-01;3.579;3.456;3.56
GO;ETANOL;2024-02;3.742;3.579;4.55
GO;ETANOL;2024-03;3.724;3.742;-0.48
GO;ETANOL;2024-04;3.870;3.724;3.92
GO;ETANOL;2024-05;3.781;3.870;-2.30
GO;ETANOL;2024-06;3.845;3.781;1.69
GO;ETANOL;2024-07;4.075;3.845;5.98
GO;ETANOL;2024-08;3.971;4.075;-2.55
GO;ETANOL;2024-09;4.131;3.971;4.03
GO;ETANOL;2024-10;4.163;4.131;0.77
GO;ETANOL;2024-11;3.976;4.163;-4.49
GO;ETANOL;2024-12;4.217;3.976;6.06
GO;ETANOL;2025-01;4.359;4.217;3.37
GO;ETANOL;2025-02;4.486;4.359;2.91
GO;ETANOL;2025-03;4.429;4.486;-1.27
GO;ETANOL;2025-04;4.408;4.429;-0.47
GO;ETANOL;2025-05;4.495;4.408;1.97
GO;ETANOL;2025-06;4.385;4.495;-2.45
GO;ETANOL;2025-07;4.246;4.385;-3.17
GO;ETANOL;2025-08;4.239;4.246;-0.16
GO;ETANOL;2025-09;4.355;4.239;2.74
GO;ETANOL;2025-10;4.565;4.355;4.82
GO;ETANOL;2025-11;4.564;4.565;-0.02
GO;ETANOL;2025-12;4.807;4.564;5.32
GO;ETANOL;2026-01;4.929;4.807;2.54
GO;ETANOL;2026-02;4.925;4.929;-0.08
GO;ETANOL;2026-03;4.663;4.925;-5.32
GO;ETANOL;2026-04;4.766;4.663;2.21
GO;ETANOL;2026-05;4.530;4.766;-4.95
GO;ETANOL;2026-06;4.291;4.530;-5.28
GO;GASOLINA;2023-01;4.924;;
GO;GASOLINA;2023-02;5.018;4.924;1.91
GO;GASOLINA;2023-03;5.487;5.018;9.35
GO;GASOLINA;2023-04;5.494;5.487;0.13
GO;GASOLINA;2023-05;5.405;5.494;-1.62
GO;GASOLINA;2023-06;5.358;5.405;-0.87
GO;GASOLINA;2023-07;5.555;5.358;3.68
GO;GASOLINA;2023-08;5.635;5.555;1.44
GO;GASOLINA;2023-09;5.747;5.635;1.99
GO;GASOLINA;2023-10;5.695;5.747;-0.90
GO;GASOLINA;2023-11;5.570;5.695;-2.19
GO;GASOLINA;2023-12;5.493;5.570;-1.38
GO;GASOLINA;2024-01;5.621;5.493;2.33
GO;GASOLINA;2024-02;5.817;5.621;3.49
GO;GASOLINA;2024-03;5.799;5.817;-0.31
GO;GASOLINA;2024-04;5.846;5.799;0.81
GO;GASOLINA;2024-05;5.741;5.846;-1.80
GO;GASOLINA;2024-06;5.828;5.741;1.52
GO;GASOLINA;2024-07;6.066;5.828;4.08
GO;GASOLINA;2024-08;5.966;6.066;-1.65
GO;GASOLINA;2024-09;6.128;5.966;2.72
GO;GASOLINA;2024-10;6.184;6.128;0.91
GO;GASOLINA;2024-11;6.007;6.184;-2.86
GO;GASOLINA;2024-12;6.185;6.007;2.96
GO;GASOLINA;2025-01;6.265;6.185;1.29
GO;GASOLINA;2025-02;6.376;6.265;1.77
GO;GASOLINA;2025-03;6.318;6.376;-0.91
GO;GASOLINA;2025-04;6.289;6.318;-0.46
GO;GASOLINA;2025-05;6.307;6.289;0.29
GO;GASOLINA;2025-06;6.235;6.307;-1.14
GO;GASOLINA;2025-07;6.188;6.235;-0.75
GO;GASOLINA;2025-08;6.160;6.188;-0.45
GO;GASOLINA;2025-09;6.236;6.160;1.23
GO;GASOLINA;2025-10;6.377;6.236;2.26
GO;GASOLINA;2025-11;6.349;6.377;-0.44
GO;GASOLINA;2025-12;6.351;6.349;0.03
GO;GASOLINA;2026-01;6.407;6.351;0.88
GO;GASOLINA;2026-02;6.358;6.407;-0.76
GO;GASOLINA;2026-03;6.340;6.358;-0.28
GO;GASOLINA;2026-04;6.551;6.340;3.33
GO;GASOLINA;2026-05;6.823;6.551;4.15
GO;GASOLINA;2026-06;6.777;6.823;-0.67
MA;ETANOL;2023-01;4.492;;
MA;ETANOL;2023-02;4.489;4.492;-0.07
MA;ETANOL;2023-03;4.607;4.489;2.63
MA;ETANOL;2023-04;4.637;4.607;0.65
MA;ETANOL;2023-05;4.680;4.637;0.93
MA;ETANOL;2023-06;4.635;4.680;-0.96
MA;ETANOL;2023-07;4.677;4.635;0.91
MA;ETANOL;2023-08;4.655;4.677;-0.47
MA;ETANOL;2023-09;4.636;4.655;-0.41
MA;ETANOL;2023-10;4.556;4.636;-1.73
MA;ETANOL;2023-11;4.455;4.556;-2.22
MA;ETANOL;2023-12;4.393;4.455;-1.39
MA;ETANOL;2024-01;4.366;4.393;-0.61
MA;ETANOL;2024-02;4.364;4.366;-0.05
MA;ETANOL;2024-03;4.369;4.364;0.11
MA;ETANOL;2024-04;4.480;4.369;2.54
MA;ETANOL;2024-05;4.572;4.480;2.05
MA;ETANOL;2024-06;4.571;4.572;-0.02
MA;ETANOL;2024-07;4.717;4.571;3.19
MA;ETANOL;2024-08;4.789;4.717;1.53
MA;ETANOL;2024-09;4.810;4.789;0.44
MA;ETANOL;2024-10;4.722;4.810;-1.83
MA;ETANOL;2024-11;4.752;4.722;0.64
MA;ETANOL;2024-12;4.800;4.752;1.01
MA;ETANOL;2025-01;4.827;4.800;0.56
MA;ETANOL;2025-02;5.017;4.827;3.94
MA;ETANOL;2025-03;5.036;5.017;0.38
MA;ETANOL;2025-04;5.023;5.036;-0.26
MA;ETANOL;2025-05;4.979;5.023;-0.88
MA;ETANOL;2025-06;4.958;4.979;-0.42
MA;ETANOL;2025-07;4.931;4.958;-0.54
MA;ETANOL;2025-08;4.927;4.931;-0.08
MA;ETANOL;2025-09;4.940;4.927;0.26
MA;ETANOL;2025-10;4.843;4.940;-1.96
MA;ETANOL;2025-11;4.880;4.843;0.76
MA;ETANOL;2025-12;4.941;4.880;1.25
MA;ETANOL;2026-01;4.989;4.941;0.97
MA;ETANOL;2026-02;5.047;4.989;1.16
MA;ETANOL;2026-03;5.345;5.047;5.90
MA;ETANOL;2026-04;5.493;5.345;2.77
MA;ETANOL;2026-05;5.415;5.493;-1.42
MA;ETANOL;2026-06;5.356;5.415;-1.09
MA;GASOLINA;2023-01;4.898;;
MA;GASOLINA;2023-02;4.975;4.898;1.57
MA;GASOLINA;2023-03;5.429;4.975;9.13
MA;GASOLINA;2023-04;5.529;5.429;1.84
MA;GASOLINA;2023-05;5.341;5.529;-3.40
MA;GASOLINA;2023-06;5.271;5.341;-1.31
MA;GASOLINA;2023-07;5.567;5.271;5.62
MA;GASOLINA;2023-08;5.741;5.567;3.13
MA;GASOLINA;2023-09;5.871;5.741;2.26
MA;GASOLINA;2023-10;5.727;5.871;-2.45
MA;GASOLINA;2023-11;5.560;5.727;-2.92
MA;GASOLINA;2023-12;5.463;5.560;-1.74
MA;GASOLINA;2024-01;5.462;5.463;-0.02
MA;GASOLINA;2024-02;5.592;5.462;2.38
MA;GASOLINA;2024-03;5.615;5.592;0.41
MA;GASOLINA;2024-04;5.748;5.615;2.37
MA;GASOLINA;2024-05;5.794;5.748;0.80
MA;GASOLINA;2024-06;5.838;5.794;0.76
MA;GASOLINA;2024-07;6.102;5.838;4.52
MA;GASOLINA;2024-08;6.157;6.102;0.90
MA;GASOLINA;2024-09;6.122;6.157;-0.57
MA;GASOLINA;2024-10;6.043;6.122;-1.29
MA;GASOLINA;2024-11;6.022;6.043;-0.35
MA;GASOLINA;2024-12;6.122;6.022;1.66
MA;GASOLINA;2025-01;6.162;6.122;0.65
MA;GASOLINA;2025-02;6.352;6.162;3.08
MA;GASOLINA;2025-03;6.328;6.352;-0.38
MA;GASOLINA;2025-04;6.221;6.328;-1.69
MA;GASOLINA;2025-05;6.161;6.221;-0.96
MA;GASOLINA;2025-06;6.101;6.161;-0.97
MA;GASOLINA;2025-07;6.142;6.101;0.67
MA;GASOLINA;2025-08;6.075;6.142;-1.09
MA;GASOLINA;2025-09;6.036;6.075;-0.64
MA;GASOLINA;2025-10;5.928;6.036;-1.79
MA;GASOLINA;2025-11;5.967;5.928;0.66
MA;GASOLINA;2025-12;5.994;5.967;0.45
MA;GASOLINA;2026-01;6.062;5.994;1.13
MA;GASOLINA;2026-02;6.024;6.062;-0.63
MA;GASOLINA;2026-03;6.557;6.024;8.85
MA;GASOLINA;2026-04;6.703;6.557;2.23
MA;GASOLINA;2026-05;6.626;6.703;-1.15
MA;GASOLINA;2026-06;6.905;6.626;4.21
MG;ETANOL;2023-01;3.891;;
MG;ETANOL;2023-02;3.832;3.891;-1.52
MG;ETANOL;2023-03;3.906;3.832;1.93
MG;ETANOL;2023-04;3.933;3.906;0.69
MG;ETANOL;2023-05;3.956;3.933;0.58
MG;ETANOL;2023-06;3.737;3.956;-5.54
MG;ETANOL;2023-07;3.791;3.737;1.45
MG;ETANOL;2023-08;3.648;3.791;-3.77
MG;ETANOL;2023-09;3.653;3.648;0.14
MG;ETANOL;2023-10;3.620;3.653;-0.90
MG;ETANOL;2023-11;3.586;3.620;-0.94
MG;ETANOL;2023-12;3.521;3.586;-1.81
MG;ETANOL;2024-01;3.444;3.521;-2.19
MG;ETANOL;2024-02;3.594;3.444;4.36
MG;ETANOL;2024-03;3.600;3.594;0.17
MG;ETANOL;2024-04;3.859;3.600;7.19
MG;ETANOL;2024-05;3.967;3.859;2.80
MG;ETANOL;2024-06;3.963;3.967;-0.10
MG;ETANOL;2024-07;4.166;3.963;5.12
MG;ETANOL;2024-08;4.236;4.166;1.68
MG;ETANOL;2024-09;4.195;4.236;-0.97
MG;ETANOL;2024-10;4.171;4.195;-0.57
MG;ETANOL;2024-11;4.164;4.171;-0.17
MG;ETANOL;2024-12;4.174;4.164;0.24
MG;ETANOL;2025-01;4.259;4.174;2.04
MG;ETANOL;2025-02;4.439;4.259;4.23
MG;ETANOL;2025-03;4.402;4.439;-0.83
MG;ETANOL;2025-04;4.363;4.402;-0.89
MG;ETANOL;2025-05;4.332;4.363;-0.71
MG;ETANOL;2025-06;4.265;4.332;-1.55
MG;ETANOL;2025-07;4.242;4.265;-0.54
MG;ETANOL;2025-08;4.237;4.242;-0.12
MG;ETANOL;2025-09;4.297;4.237;1.42
MG;ETANOL;2025-10;4.266;4.297;-0.72
MG;ETANOL;2025-11;4.321;4.266;1.29
MG;ETANOL;2025-12;4.458;4.321;3.17
MG;ETANOL;2026-01;4.650;4.458;4.31
MG;ETANOL;2026-02;4.676;4.650;0.56
MG;ETANOL;2026-03;4.749;4.676;1.56
MG;ETANOL;2026-04;4.722;4.749;-0.57
MG;ETANOL;2026-05;4.416;4.722;-6.48
MG;ETANOL;2026-06;4.215;4.416;-4.55
MG;GASOLINA;2023-01;4.978;;
MG;GASOLINA;2023-02;5.030;4.978;1.04
MG;GASOLINA;2023-03;5.384;5.030;7.04
MG;GASOLINA;2023-04;5.340;5.384;-0.82
MG;GASOLINA;2023-05;5.259;5.340;-1.52
MG;GASOLINA;2023-06;5.255;5.259;-0.08
MG;GASOLINA;2023-07;5.430;5.255;3.33
MG;GASOLINA;2023-08;5.538;5.430;1.99
MG;GASOLINA;2023-09;5.692;5.538;2.78
MG;GASOLINA;2023-10;5.645;5.692;-0.83
MG;GASOLINA;2023-11;5.568;5.645;-1.36
MG;GASOLINA;2023-12;5.511;5.568;-1.02
MG;GASOLINA;2024-01;5.465;5.511;-0.83
MG;GASOLINA;2024-02;5.653;5.465;3.44
MG;GASOLINA;2024-03;5.632;5.653;-0.37
MG;GASOLINA;2024-04;5.718;5.632;1.53
MG;GASOLINA;2024-05;5.800;5.718;1.43
MG;GASOLINA;2024-06;5.824;5.800;0.41
MG;GASOLINA;2024-07;6.046;5.824;3.81
MG;GASOLINA;2024-08;6.132;6.046;1.42
MG;GASOLINA;2024-09;6.101;6.132;-0.51
MG;GASOLINA;2024-10;6.082;6.101;-0.31
MG;GASOLINA;2024-11;6.056;6.082;-0.43
MG;GASOLINA;2024-12;6.059;6.056;0.05
MG;GASOLINA;2025-01;6.075;6.059;0.26
MG;GASOLINA;2025-02;6.253;6.075;2.93
MG;GASOLINA;2025-03;6.215;6.253;-0.61
MG;GASOLINA;2025-04;6.209;6.215;-0.10
MG;GASOLINA;2025-05;6.172;6.209;-0.60
MG;GASOLINA;2025-06;6.127;6.172;-0.73
MG;GASOLINA;2025-07;6.131;6.127;0.07
MG;GASOLINA;2025-08;6.104;6.131;-0.44
MG;GASOLINA;2025-09;6.091;6.104;-0.21
MG;GASOLINA;2025-10;6.026;6.091;-1.07
MG;GASOLINA;2025-11;6.032;6.026;0.10
MG;GASOLINA;2025-12;6.071;6.032;0.65
MG;GASOLINA;2026-01;6.203;6.071;2.17
MG;GASOLINA;2026-02;6.174;6.203;-0.47
MG;GASOLINA;2026-03;6.380;6.174;3.34
MG;GASOLINA;2026-04;6.481;6.380;1.58
MG;GASOLINA;2026-05;6.380;6.481;-1.56
MG;GASOLINA;2026-06;6.361;6.380;-0.30
MS;ETANOL;2023-01;3.898;;
MS;ETANOL;2023-02;3.896;3.898;-0.05
MS;ETANOL;2023-03;3.960;3.896;1.64
MS;ETANOL;2023-04;4.070;3.960;2.78
MS;ETANOL;2023-05;4.052;4.070;-0.44
MS;ETANOL;2023-06;3.893;4.052;-3.92
MS;ETANOL;2023-07;3.895;3.893;0.05
MS;ETANOL;2023-08;3.759;3.895;-3.49
MS;ETANOL;2023-09;3.793;3.759;0.90
MS;ETANOL;2023-10;3.728;3.793;-1.71
MS;ETANOL;2023-11;3.708;3.728;-0.54
MS;ETANOL;2023-12;3.587;3.708;-3.26
MS;ETANOL;2024-01;3.419;3.587;-4.68
MS;ETANOL;2024-02;3.591;3.419;5.03
MS;ETANOL;2024-03;3.619;3.591;0.78
MS;ETANOL;2024-04;3.788;3.619;4.67
MS;ETANOL;2024-05;3.865;3.788;2.03
MS;ETANOL;2024-06;3.868;3.865;0.08
MS;ETANOL;2024-07;4.003;3.868;3.49
MS;ETANOL;2024-08;4.065;4.003;1.55
MS;ETANOL;2024-09;4.034;4.065;-0.76
MS;ETANOL;2024-10;3.999;4.034;-0.87
MS;ETANOL;2024-11;3.967;3.999;-0.80
MS;ETANOL;2024-12;4.006;3.967;0.98
MS;ETANOL;2025-01;4.100;4.006;2.35
MS;ETANOL;2025-02;4.240;4.100;3.41
MS;ETANOL;2025-03;4.225;4.240;-0.35
MS;ETANOL;2025-04;4.184;4.225;-0.97
MS;ETANOL;2025-05;4.138;4.184;-1.10
MS;ETANOL;2025-06;4.044;4.138;-2.27
MS;ETANOL;2025-07;4.007;4.044;-0.91
MS;ETANOL;2025-08;3.954;4.007;-1.32
MS;ETANOL;2025-09;3.948;3.954;-0.15
MS;ETANOL;2025-10;3.948;3.948;0.00
MS;ETANOL;2025-11;3.965;3.948;0.43
MS;ETANOL;2025-12;4.053;3.965;2.22
MS;ETANOL;2026-01;4.232;4.053;4.42
MS;ETANOL;2026-02;4.335;4.232;2.43
MS;ETANOL;2026-03;4.423;4.335;2.03
MS;ETANOL;2026-04;4.496;4.423;1.65
MS;ETANOL;2026-05;4.300;4.496;-4.36
MS;ETANOL;2026-06;4.169;4.300;-3.05
MS;GASOLINA;2023-01;4.930;;
MS;GASOLINA;2023-02;5.014;4.930;1.70
MS;GASOLINA;2023-03;5.357;5.014;6.84
MS;GASOLINA;2023-04;5.437;5.357;1.49
MS;GASOLINA;2023-05;5.264;5.437;-3.18
MS;GASOLINA;2023-06;5.419;5.264;2.94
MS;GASOLINA;2023-07;5.575;5.419;2.88
MS;GASOLINA;2023-08;5.708;5.575;2.39
MS;GASOLINA;2023-09;5.861;5.708;2.68
MS;GASOLINA;2023-10;5.804;5.861;-0.97
MS;GASOLINA;2023-11;5.731;5.804;-1.26
MS;GASOLINA;2023-12;5.688;5.731;-0.75
MS;GASOLINA;2024-01;5.602;5.688;-1.51
MS;GASOLINA;2024-02;5.823;5.602;3.95
MS;GASOLINA;2024-03;5.858;5.823;0.60
MS;GASOLINA;2024-04;5.873;5.858;0.26
MS;GASOLINA;2024-05;5.895;5.873;0.37
MS;GASOLINA;2024-06;5.900;5.895;0.08
MS;GASOLINA;2024-07;6.079;5.900;3.03
MS;GASOLINA;2024-08;6.118;6.079;0.64
MS;GASOLINA;2024-09;6.151;6.118;0.54
MS;GASOLINA;2024-10;6.090;6.151;-0.99
MS;GASOLINA;2024-11;6.098;6.090;0.13
MS;GASOLINA;2024-12;6.106;6.098;0.13
MS;GASOLINA;2025-01;6.197;6.106;1.49
MS;GASOLINA;2025-02;6.331;6.197;2.16
MS;GASOLINA;2025-03;6.340;6.331;0.14
MS;GASOLINA;2025-04;6.301;6.340;-0.62
MS;GASOLINA;2025-05;6.279;6.301;-0.35
MS;GASOLINA;2025-06;6.212;6.279;-1.07
MS;GASOLINA;2025-07;6.150;6.212;-1.00
MS;GASOLINA;2025-08;6.145;6.150;-0.08
MS;GASOLINA;2025-09;6.126;6.145;-0.31
MS;GASOLINA;2025-10;6.116;6.126;-0.16
MS;GASOLINA;2025-11;6.100;6.116;-0.26
MS;GASOLINA;2025-12;6.112;6.100;0.20
MS;GASOLINA;2026-01;6.227;6.112;1.88
MS;GASOLINA;2026-02;6.231;6.227;0.06
MS;GASOLINA;2026-03;6.444;6.231;3.42
MS;GASOLINA;2026-04;6.657;6.444;3.31
MS;GASOLINA;2026-05;6.629;6.657;-0.42
MS;GASOLINA;2026-06;6.616;6.629;-0.20
MT;ETANOL;2023-01;3.574;;
MT;ETANOL;2023-02;3.397;3.574;-4.95
MT;ETANOL;2023-03;3.616;3.397;6.45
MT;ETANOL;2023-04;3.671;3.616;1.52
MT;ETANOL;2023-05;3.707;3.671;0.98
MT;ETANOL;2023-06;3.463;3.707;-6.58
MT;ETANOL;2023-07;3.488;3.463;0.72
MT;ETANOL;2023-08;3.342;3.488;-4.19
MT;ETANOL;2023-09;3.394;3.342;1.56
MT;ETANOL;2023-10;3.215;3.394;-5.27
MT;ETANOL;2023-11;3.206;3.215;-0.28
MT;ETANOL;2023-12;3.132;3.206;-2.31
MT;ETANOL;2024-01;3.007;3.132;-3.99
MT;ETANOL;2024-02;3.251;3.007;8.11
MT;ETANOL;2024-03;3.182;3.251;-2.12
MT;ETANOL;2024-04;3.597;3.182;13.04
MT;ETANOL;2024-05;3.612;3.597;0.42
MT;ETANOL;2024-06;3.545;3.612;-1.85
MT;ETANOL;2024-07;3.716;3.545;4.82
MT;ETANOL;2024-08;3.782;3.716;1.78
MT;ETANOL;2024-09;3.742;3.782;-1.06
MT;ETANOL;2024-10;3.722;3.742;-0.53
MT;ETANOL;2024-11;3.865;3.722;3.84
MT;ETANOL;2024-12;3.972;3.865;2.77
MT;ETANOL;2025-01;4.080;3.972;2.72
MT;ETANOL;2025-02;4.209;4.080;3.16
MT;ETANOL;2025-03;4.170;4.209;-0.93
MT;ETANOL;2025-04;4.094;4.170;-1.82
MT;ETANOL;2025-05;4.036;4.094;-1.42
MT;ETANOL;2025-06;3.941;4.036;-2.35
MT;ETANOL;2025-07;3.897;3.941;-1.12
MT;ETANOL;2025-08;4.080;3.897;4.70
MT;ETANOL;2025-09;4.270;4.080;4.66
MT;ETANOL;2025-10;4.318;4.270;1.12
MT;ETANOL;2025-11;4.376;4.318;1.34
MT;ETANOL;2025-12;4.438;4.376;1.42
MT;ETANOL;2026-01;4.534;4.438;2.16
MT;ETANOL;2026-02;4.610;4.534;1.68
MT;ETANOL;2026-03;4.633;4.610;0.50
MT;ETANOL;2026-04;4.597;4.633;-0.78
MT;ETANOL;2026-05;4.199;4.597;-8.66
MT;ETANOL;2026-06;3.864;4.199;-7.98
MT;GASOLINA;2023-01;5.018;;
MT;GASOLINA;2023-02;5.033;5.018;0.30
MT;GASOLINA;2023-03;5.460;5.033;8.48
MT;GASOLINA;2023-04;5.479;5.460;0.35
MT;GASOLINA;2023-05;5.361;5.479;-2.15
MT;GASOLINA;2023-06;5.391;5.361;0.56
MT;GASOLINA;2023-07;5.538;5.391;2.73
MT;GASOLINA;2023-08;5.641;5.538;1.86
MT;GASOLINA;2023-09;5.813;5.641;3.05
MT;GASOLINA;2023-10;5.719;5.813;-1.62
MT;GASOLINA;2023-11;5.672;5.719;-0.82
MT;GASOLINA;2023-12;5.625;5.672;-0.83
MT;GASOLINA;2024-01;5.595;5.625;-0.53
MT;GASOLINA;2024-02;5.958;5.595;6.49
MT;GASOLINA;2024-03;5.887;5.958;-1.19
MT;GASOLINA;2024-04;5.975;5.887;1.49
MT;GASOLINA;2024-05;5.877;5.975;-1.64
MT;GASOLINA;2024-06;5.858;5.877;-0.32
MT;GASOLINA;2024-07;5.911;5.858;0.90
MT;GASOLINA;2024-08;6.011;5.911;1.69
MT;GASOLINA;2024-09;6.072;6.011;1.01
MT;GASOLINA;2024-10;6.071;6.072;-0.02
MT;GASOLINA;2024-11;6.121;6.071;0.82
MT;GASOLINA;2024-12;6.150;6.121;0.47
MT;GASOLINA;2025-01;6.225;6.150;1.22
MT;GASOLINA;2025-02;6.372;6.225;2.36
MT;GASOLINA;2025-03;6.304;6.372;-1.07
MT;GASOLINA;2025-04;6.229;6.304;-1.19
MT;GASOLINA;2025-05;6.201;6.229;-0.45
MT;GASOLINA;2025-06;6.127;6.201;-1.19
MT;GASOLINA;2025-07;6.105;6.127;-0.36
MT;GASOLINA;2025-08;6.250;6.105;2.38
MT;GASOLINA;2025-09;6.312;6.250;0.99
MT;GASOLINA;2025-10;6.318;6.312;0.10
MT;GASOLINA;2025-11;6.340;6.318;0.35
MT;GASOLINA;2025-12;6.357;6.340;0.27
MT;GASOLINA;2026-01;6.439;6.357;1.29
MT;GASOLINA;2026-02;6.437;6.439;-0.03
MT;GASOLINA;2026-03;6.657;6.437;3.42
MT;GASOLINA;2026-04;6.785;6.657;1.92
MT;GASOLINA;2026-05;6.725;6.785;-0.88
MT;GASOLINA;2026-06;6.770;6.725;0.67
PA;ETANOL;2023-01;4.658;;
PA;ETANOL;2023-02;4.592;4.658;-1.42
PA;ETANOL;2023-03;4.797;4.592;4.46
PA;ETANOL;2023-04;4.762;4.797;-0.73
PA;ETANOL;2023-05;4.873;4.762;2.33
PA;ETANOL;2023-06;4.651;4.873;-4.56
PA;ETANOL;2023-07;4.849;4.651;4.26
PA;ETANOL;2023-08;4.849;4.849;0.00
PA;ETANOL;2023-09;4.896;4.849;0.97
PA;ETANOL;2023-10;4.848;4.896;-0.98
PA;ETANOL;2023-11;4.656;4.848;-3.96
PA;ETANOL;2023-12;4.557;4.656;-2.13
PA;ETANOL;2024-01;4.462;4.557;-2.08
PA;ETANOL;2024-02;4.360;4.462;-2.29
PA;ETANOL;2024-03;4.281;4.360;-1.81
PA;ETANOL;2024-04;4.386;4.281;2.45
PA;ETANOL;2024-05;4.454;4.386;1.55
PA;ETANOL;2024-06;4.420;4.454;-0.76
PA;ETANOL;2024-07;4.575;4.420;3.51
PA;ETANOL;2024-08;4.679;4.575;2.27
PA;ETANOL;2024-09;4.644;4.679;-0.75
PA;ETANOL;2024-10;4.664;4.644;0.43
PA;ETANOL;2024-11;4.723;4.664;1.27
PA;ETANOL;2024-12;4.754;4.723;0.66
PA;ETANOL;2025-01;4.812;4.754;1.22
PA;ETANOL;2025-02;4.937;4.812;2.60
PA;ETANOL;2025-03;4.940;4.937;0.06
PA;ETANOL;2025-04;4.891;4.940;-0.99
PA;ETANOL;2025-05;4.868;4.891;-0.47
PA;ETANOL;2025-06;4.810;4.868;-1.19
PA;ETANOL;2025-07;4.813;4.810;0.06
PA;ETANOL;2025-08;4.781;4.813;-0.66
PA;ETANOL;2025-09;4.794;4.781;0.27
PA;ETANOL;2025-10;4.840;4.794;0.96
PA;ETANOL;2025-11;4.801;4.840;-0.81
PA;ETANOL;2025-12;4.811;4.801;0.21
PA;ETANOL;2026-01;4.919;4.811;2.24
PA;ETANOL;2026-02;4.989;4.919;1.42
PA;ETANOL;2026-03;5.143;4.989;3.09
PA;ETANOL;2026-04;5.334;5.143;3.71
PA;ETANOL;2026-05;5.226;5.334;-2.02
PA;ETANOL;2026-06;5.132;5.226;-1.80
PA;GASOLINA;2023-01;5.105;;
PA;GASOLINA;2023-02;5.107;5.105;0.04
PA;GASOLINA;2023-03;5.583;5.107;9.32
PA;GASOLINA;2023-04;5.661;5.583;1.40
PA;GASOLINA;2023-05;5.575;5.661;-1.52
PA;GASOLINA;2023-06;5.480;5.575;-1.70
PA;GASOLINA;2023-07;5.753;5.480;4.98
PA;GASOLINA;2023-08;5.995;5.753;4.21
PA;GASOLINA;2023-09;6.180;5.995;3.09
PA;GASOLINA;2023-10;6.157;6.180;-0.37
PA;GASOLINA;2023-11;6.071;6.157;-1.40
PA;GASOLINA;2023-12;5.931;6.071;-2.31
PA;GASOLINA;2024-01;5.866;5.931;-1.10
PA;GASOLINA;2024-02;5.940;5.866;1.26
PA;GASOLINA;2024-03;5.917;5.940;-0.39
PA;GASOLINA;2024-04;5.981;5.917;1.08
PA;GASOLINA;2024-05;6.017;5.981;0.60
PA;GASOLINA;2024-06;6.050;6.017;0.55
PA;GASOLINA;2024-07;6.235;6.050;3.06
PA;GASOLINA;2024-08;6.260;6.235;0.40
PA;GASOLINA;2024-09;6.227;6.260;-0.53
PA;GASOLINA;2024-10;6.232;6.227;0.08
PA;GASOLINA;2024-11;6.304;6.232;1.16
PA;GASOLINA;2024-12;6.365;6.304;0.97
PA;GASOLINA;2025-01;6.420;6.365;0.86
PA;GASOLINA;2025-02;6.561;6.420;2.20
PA;GASOLINA;2025-03;6.519;6.561;-0.64
PA;GASOLINA;2025-04;6.434;6.519;-1.30
PA;GASOLINA;2025-05;6.419;6.434;-0.23
PA;GASOLINA;2025-06;6.364;6.419;-0.86
PA;GASOLINA;2025-07;6.375;6.364;0.17
PA;GASOLINA;2025-08;6.325;6.375;-0.78
PA;GASOLINA;2025-09;6.359;6.325;0.54
PA;GASOLINA;2025-10;6.367;6.359;0.13
PA;GASOLINA;2025-11;6.350;6.367;-0.27
PA;GASOLINA;2025-12;6.323;6.350;-0.43
PA;GASOLINA;2026-01;6.388;6.323;1.03
PA;GASOLINA;2026-02;6.371;6.388;-0.27
PA;GASOLINA;2026-03;6.737;6.371;5.74
PA;GASOLINA;2026-04;6.991;6.737;3.77
PA;GASOLINA;2026-05;6.865;6.991;-1.80
PA;GASOLINA;2026-06;6.835;6.865;-0.44
PB;ETANOL;2023-01;3.771;;
PB;ETANOL;2023-02;3.914;3.771;3.79
PB;ETANOL;2023-03;3.989;3.914;1.92
PB;ETANOL;2023-04;4.006;3.989;0.43
PB;ETANOL;2023-05;4.049;4.006;1.07
PB;ETANOL;2023-06;4.086;4.049;0.91
PB;ETANOL;2023-07;4.364;4.086;6.80
PB;ETANOL;2023-08;4.336;4.364;-0.64
PB;ETANOL;2023-09;4.297;4.336;-0.90
PB;ETANOL;2023-10;4.183;4.297;-2.65
PB;ETANOL;2023-11;4.065;4.183;-2.82
PB;ETANOL;2023-12;3.887;4.065;-4.38
PB;ETANOL;2024-01;3.785;3.887;-2.62
PB;ETANOL;2024-02;3.896;3.785;2.93
PB;ETANOL;2024-03;4.021;3.896;3.21
PB;ETANOL;2024-04;4.111;4.021;2.24
PB;ETANOL;2024-05;4.287;4.111;4.28
PB;ETANOL;2024-06;4.340;4.287;1.24
PB;ETANOL;2024-07;4.546;4.340;4.75
PB;ETANOL;2024-08;4.639;4.546;2.05
PB;ETANOL;2024-09;4.603;4.639;-0.78
PB;ETANOL;2024-10;4.345;4.603;-5.61
PB;ETANOL;2024-11;4.171;4.345;-4.00
PB;ETANOL;2024-12;4.103;4.171;-1.63
PB;ETANOL;2025-01;4.293;4.103;4.63
PB;ETANOL;2025-02;4.641;4.293;8.11
PB;ETANOL;2025-03;4.639;4.641;-0.04
PB;ETANOL;2025-04;4.598;4.639;-0.88
PB;ETANOL;2025-05;4.588;4.598;-0.22
PB;ETANOL;2025-06;4.593;4.588;0.11
PB;ETANOL;2025-07;4.524;4.593;-1.50
PB;ETANOL;2025-08;4.555;4.524;0.69
PB;ETANOL;2025-09;4.525;4.555;-0.66
PB;ETANOL;2025-10;4.360;4.525;-3.65
PB;ETANOL;2025-11;4.319;4.360;-0.94
PB;ETANOL;2025-12;4.242;4.319;-1.78
PB;ETANOL;2026-01;4.469;4.242;5.35
PB;ETANOL;2026-02;4.502;4.469;0.74
PB;ETANOL;2026-03;4.661;4.502;3.53
PB;ETANOL;2026-04;4.854;4.661;4.14
PB;ETANOL;2026-05;4.866;4.854;0.25
PB;ETANOL;2026-06;4.830;4.866;-0.74
PB;GASOLINA;2023-01;4.784;;
PB;GASOLINA;2023-02;4.914;4.784;2.72
PB;GASOLINA;2023-03;5.312;4.914;8.10
PB;GASOLINA;2023-04;5.289;5.312;-0.43
PB;GASOLINA;2023-05;5.192;5.289;-1.83
PB;GASOLINA;2023-06;5.219;5.192;0.52
PB;GASOLINA;2023-07;5.507;5.219;5.52
PB;GASOLINA;2023-08;5.737;5.507;4.18
PB;GASOLINA;2023-09;5.883;5.737;2.54
PB;GASOLINA;2023-10;5.772;5.883;-1.89
PB;GASOLINA;2023-11;5.629;5.772;-2.48
PB;GASOLINA;2023-12;5.535;5.629;-1.67
PB;GASOLINA;2024-01;5.464;5.535;-1.28
PB;GASOLINA;2024-02;5.624;5.464;2.93
PB;GASOLINA;2024-03;5.647;5.624;0.41
PB;GASOLINA;2024-04;5.685;5.647;0.67
PB;GASOLINA;2024-05;5.818;5.685;2.34
PB;GASOLINA;2024-06;5.835;5.818;0.29
PB;GASOLINA;2024-07;6.036;5.835;3.44
PB;GASOLINA;2024-08;6.147;6.036;1.84
PB;GASOLINA;2024-09;6.101;6.147;-0.75
PB;GASOLINA;2024-10;6.035;6.101;-1.08
PB;GASOLINA;2024-11;5.949;6.035;-1.43
PB;GASOLINA;2024-12;5.939;5.949;-0.17
PB;GASOLINA;2025-01;6.054;5.939;1.94
PB;GASOLINA;2025-02;6.269;6.054;3.55
PB;GASOLINA;2025-03;6.262;6.269;-0.11
PB;GASOLINA;2025-04;6.194;6.262;-1.09
PB;GASOLINA;2025-05;6.093;6.194;-1.63
PB;GASOLINA;2025-06;6.053;6.093;-0.66
PB;GASOLINA;2025-07;5.992;6.053;-1.01
PB;GASOLINA;2025-08;5.985;5.992;-0.12
PB;GASOLINA;2025-09;5.963;5.985;-0.37
PB;GASOLINA;2025-10;5.921;5.963;-0.70
PB;GASOLINA;2025-11;5.919;5.921;-0.03
PB;GASOLINA;2025-12;5.909;5.919;-0.17
PB;GASOLINA;2026-01;6.023;5.909;1.93
PB;GASOLINA;2026-02;5.972;6.023;-0.85
PB;GASOLINA;2026-03;6.347;5.972;6.28
PB;GASOLINA;2026-04;6.545;6.347;3.12
PB;GASOLINA;2026-05;6.502;6.545;-0.66
PB;GASOLINA;2026-06;6.565;6.502;0.97
PE;ETANOL;2023-01;4.076;;
PE;ETANOL;2023-02;4.082;4.076;0.15
PE;ETANOL;2023-03;4.204;4.082;2.99
PE;ETANOL;2023-04;4.149;4.204;-1.31
PE;ETANOL;2023-05;4.200;4.149;1.23
PE;ETANOL;2023-06;4.289;4.200;2.12
PE;ETANOL;2023-07;4.486;4.289;4.59
PE;ETANOL;2023-08;4.464;4.486;-0.49
PE;ETANOL;2023-09;4.422;4.464;-0.94
PE;ETANOL;2023-10;4.252;4.422;-3.84
PE;ETANOL;2023-11;4.079;4.252;-4.07
PE;ETANOL;2023-12;3.914;4.079;-4.05
PE;ETANOL;2024-01;3.899;3.914;-0.38
PE;ETANOL;2024-02;4.054;3.899;3.98
PE;ETANOL;2024-03;4.204;4.054;3.70
PE;ETANOL;2024-04;4.365;4.204;3.83
PE;ETANOL;2024-05;4.437;4.365;1.65
PE;ETANOL;2024-06;4.498;4.437;1.37
PE;ETANOL;2024-07;4.693;4.498;4.34
PE;ETANOL;2024-08;4.708;4.693;0.32
PE;ETANOL;2024-09;4.545;4.708;-3.46
PE;ETANOL;2024-10;4.425;4.545;-2.64
PE;ETANOL;2024-11;4.397;4.425;-0.63
PE;ETANOL;2024-12;4.368;4.397;-0.66
PE;ETANOL;2025-01;4.614;4.368;5.63
PE;ETANOL;2025-02;4.884;4.614;5.85
PE;ETANOL;2025-03;4.857;4.884;-0.55
PE;ETANOL;2025-04;4.823;4.857;-0.70
PE;ETANOL;2025-05;4.835;4.823;0.25
PE;ETANOL;2025-06;4.868;4.835;0.68
PE;ETANOL;2025-07;4.866;4.868;-0.04
PE;ETANOL;2025-08;4.856;4.866;-0.21
PE;ETANOL;2025-09;4.835;4.856;-0.43
PE;ETANOL;2025-10;4.752;4.835;-1.72
PE;ETANOL;2025-11;4.566;4.752;-3.91
PE;ETANOL;2025-12;4.563;4.566;-0.07
PE;ETANOL;2026-01;4.833;4.563;5.92
PE;ETANOL;2026-02;5.038;4.833;4.24
PE;ETANOL;2026-03;5.383;5.038;6.85
PE;ETANOL;2026-04;5.482;5.383;1.84
PE;ETANOL;2026-05;5.410;5.482;-1.31
PE;ETANOL;2026-06;5.260;5.410;-2.77
PE;GASOLINA;2023-01;4.957;;
PE;GASOLINA;2023-02;5.018;4.957;1.23
PE;GASOLINA;2023-03;5.470;5.018;9.01
PE;GASOLINA;2023-04;5.343;5.470;-2.32
PE;GASOLINA;2023-05;5.155;5.343;-3.52
PE;GASOLINA;2023-06;5.420;5.155;5.14
PE;GASOLINA;2023-07;5.613;5.420;3.56
PE;GASOLINA;2023-08;5.804;5.613;3.40
PE;GASOLINA;2023-09;5.933;5.804;2.22
PE;GASOLINA;2023-10;5.701;5.933;-3.91
PE;GASOLINA;2023-11;5.546;5.701;-2.72
PE;GASOLINA;2023-12;5.397;5.546;-2.69
PE;GASOLINA;2024-01;5.498;5.397;1.87
PE;GASOLINA;2024-02;5.699;5.498;3.66
PE;GASOLINA;2024-03;5.768;5.699;1.21
PE;GASOLINA;2024-04;5.881;5.768;1.96
PE;GASOLINA;2024-05;5.903;5.881;0.37
PE;GASOLINA;2024-06;5.867;5.903;-0.61
PE;GASOLINA;2024-07;6.079;5.867;3.61
PE;GASOLINA;2024-08;6.094;6.079;0.25
PE;GASOLINA;2024-09;5.993;6.094;-1.66
PE;GASOLINA;2024-10;6.046;5.993;0.88
PE;GASOLINA;2024-11;6.114;6.046;1.12
PE;GASOLINA;2024-12;6.147;6.114;0.54
PE;GASOLINA;2025-01;6.237;6.147;1.46
PE;GASOLINA;2025-02;6.461;6.237;3.59
PE;GASOLINA;2025-03;6.404;6.461;-0.88
PE;GASOLINA;2025-04;6.333;6.404;-1.11
PE;GASOLINA;2025-05;6.294;6.333;-0.62
PE;GASOLINA;2025-06;6.332;6.294;0.60
PE;GASOLINA;2025-07;6.294;6.332;-0.60
PE;GASOLINA;2025-08;6.268;6.294;-0.41
PE;GASOLINA;2025-09;6.307;6.268;0.62
PE;GASOLINA;2025-10;6.420;6.307;1.79
PE;GASOLINA;2025-11;6.294;6.420;-1.96
PE;GASOLINA;2025-12;6.282;6.294;-0.19
PE;GASOLINA;2026-01;6.481;6.282;3.17
PE;GASOLINA;2026-02;6.474;6.481;-0.11
PE;GASOLINA;2026-03;6.955;6.474;7.43
PE;GASOLINA;2026-04;7.083;6.955;1.84
PE;GASOLINA;2026-05;6.995;7.083;-1.24
PE;GASOLINA;2026-06;7.003;6.995;0.11
PI;ETANOL;2023-01;4.238;;
PI;ETANOL;2023-02;4.120;4.238;-2.78
PI;ETANOL;2023-03;4.555;4.120;10.56
PI;ETANOL;2023-04;4.415;4.555;-3.07
PI;ETANOL;2023-05;4.479;4.415;1.45
PI;ETANOL;2023-06;4.317;4.479;-3.62
PI;ETANOL;2023-07;4.430;4.317;2.62
PI;ETANOL;2023-08;4.381;4.430;-1.11
PI;ETANOL;2023-09;4.251;4.381;-2.97
PI;ETANOL;2023-10;4.146;4.251;-2.47
PI;ETANOL;2023-11;4.084;4.146;-1.50
PI;ETANOL;2023-12;4.071;4.084;-0.32
PI;ETANOL;2024-01;4.027;4.071;-1.08
PI;ETANOL;2024-02;4.066;4.027;0.97
PI;ETANOL;2024-03;4.043;4.066;-0.57
PI;ETANOL;2024-04;4.122;4.043;1.95
PI;ETANOL;2024-05;4.186;4.122;1.55
PI;ETANOL;2024-06;4.161;4.186;-0.60
PI;ETANOL;2024-07;4.368;4.161;4.97
PI;ETANOL;2024-08;4.535;4.368;3.82
PI;ETANOL;2024-09;4.555;4.535;0.44
PI;ETANOL;2024-10;4.579;4.555;0.53
PI;ETANOL;2024-11;4.511;4.579;-1.49
PI;ETANOL;2024-12;4.558;4.511;1.04
PI;ETANOL;2025-01;4.637;4.558;1.73
PI;ETANOL;2025-02;4.747;4.637;2.37
PI;ETANOL;2025-03;4.742;4.747;-0.11
PI;ETANOL;2025-04;4.731;4.742;-0.23
PI;ETANOL;2025-05;4.681;4.731;-1.06
PI;ETANOL;2025-06;4.660;4.681;-0.45
PI;ETANOL;2025-07;4.642;4.660;-0.39
PI;ETANOL;2025-08;4.616;4.642;-0.56
PI;ETANOL;2025-09;4.537;4.616;-1.71
PI;ETANOL;2025-10;4.476;4.537;-1.34
PI;ETANOL;2025-11;4.452;4.476;-0.54
PI;ETANOL;2025-12;4.537;4.452;1.91
PI;ETANOL;2026-01;4.651;4.537;2.51
PI;ETANOL;2026-02;4.678;4.651;0.58
PI;ETANOL;2026-03;4.938;4.678;5.56
PI;ETANOL;2026-04;5.019;4.938;1.64
PI;ETANOL;2026-05;4.994;5.019;-0.50
PI;ETANOL;2026-06;4.984;4.994;-0.20
PI;GASOLINA;2023-01;5.215;;
PI;GASOLINA;2023-02;5.080;5.215;-2.59
PI;GASOLINA;2023-03;5.672;5.080;11.65
PI;GASOLINA;2023-04;5.612;5.672;-1.06
PI;GASOLINA;2023-05;5.538;5.612;-1.32
PI;GASOLINA;2023-06;5.280;5.538;-4.66
PI;GASOLINA;2023-07;5.528;5.280;4.70
PI;GASOLINA;2023-08;5.713;5.528;3.35
PI;GASOLINA;2023-09;5.743;5.713;0.53
PI;GASOLINA;2023-10;5.568;5.743;-3.05
PI;GASOLINA;2023-11;5.434;5.568;-2.41
PI;GASOLINA;2023-12;5.336;5.434;-1.80
PI;GASOLINA;2024-01;5.286;5.336;-0.94
PI;GASOLINA;2024-02;5.494;5.286;3.93
PI;GASOLINA;2024-03;5.537;5.494;0.78
PI;GASOLINA;2024-04;5.671;5.537;2.42
PI;GASOLINA;2024-05;5.729;5.671;1.02
PI;GASOLINA;2024-06;5.711;5.729;-0.31
PI;GASOLINA;2024-07;5.947;5.711;4.13
PI;GASOLINA;2024-08;6.044;5.947;1.63
PI;GASOLINA;2024-09;6.014;6.044;-0.50
PI;GASOLINA;2024-10;5.986;6.014;-0.47
PI;GASOLINA;2024-11;5.929;5.986;-0.95
PI;GASOLINA;2024-12;5.959;5.929;0.51
PI;GASOLINA;2025-01;6.000;5.959;0.69
PI;GASOLINA;2025-02;6.123;6.000;2.05
PI;GASOLINA;2025-03;6.088;6.123;-0.57
PI;GASOLINA;2025-04;5.995;6.088;-1.53
PI;GASOLINA;2025-05;5.920;5.995;-1.25
PI;GASOLINA;2025-06;5.904;5.920;-0.27
PI;GASOLINA;2025-07;5.900;5.904;-0.07
PI;GASOLINA;2025-08;5.858;5.900;-0.71
PI;GASOLINA;2025-09;5.830;5.858;-0.48
PI;GASOLINA;2025-10;5.792;5.830;-0.65
PI;GASOLINA;2025-11;5.802;5.792;0.17
PI;GASOLINA;2025-12;5.837;5.802;0.60
PI;GASOLINA;2026-01;5.927;5.837;1.54
PI;GASOLINA;2026-02;5.943;5.927;0.27
PI;GASOLINA;2026-03;6.450;5.943;8.53
PI;GASOLINA;2026-04;6.634;6.450;2.85
PI;GASOLINA;2026-05;6.651;6.634;0.26
PI;GASOLINA;2026-06;6.828;6.651;2.66
PR;ETANOL;2023-01;4.103;;
PR;ETANOL;2023-02;4.017;4.103;-2.10
PR;ETANOL;2023-03;4.095;4.017;1.94
PR;ETANOL;2023-04;4.074;4.095;-0.51
PR;ETANOL;2023-05;4.193;4.074;2.92
PR;ETANOL;2023-06;4.034;4.193;-3.79
PR;ETANOL;2023-07;4.059;4.034;0.62
PR;ETANOL;2023-08;3.911;4.059;-3.65
PR;ETANOL;2023-09;3.913;3.911;0.05
PR;ETANOL;2023-10;3.864;3.913;-1.25
PR;ETANOL;2023-11;3.779;3.864;-2.20
PR;ETANOL;2023-12;3.743;3.779;-0.95
PR;ETANOL;2024-01;3.691;3.743;-1.39
PR;ETANOL;2024-02;3.825;3.691;3.63
PR;ETANOL;2024-03;3.854;3.825;0.76
PR;ETANOL;2024-04;3.942;3.854;2.28
PR;ETANOL;2024-05;3.968;3.942;0.66
PR;ETANOL;2024-06;3.950;3.968;-0.45
PR;ETANOL;2024-07;4.184;3.950;5.92
PR;ETANOL;2024-08;4.130;4.184;-1.29
PR;ETANOL;2024-09;4.219;4.130;2.15
PR;ETANOL;2024-10;4.229;4.219;0.24
PR;ETANOL;2024-11;4.277;4.229;1.14
PR;ETANOL;2024-12;4.363;4.277;2.01
PR;ETANOL;2025-01;4.380;4.363;0.39
PR;ETANOL;2025-02;4.570;4.380;4.34
PR;ETANOL;2025-03;4.564;4.570;-0.13
PR;ETANOL;2025-04;4.514;4.564;-1.10
PR;ETANOL;2025-05;4.475;4.514;-0.86
PR;ETANOL;2025-06;4.434;4.475;-0.92
PR;ETANOL;2025-07;4.407;4.434;-0.61
PR;ETANOL;2025-08;4.404;4.407;-0.07
PR;ETANOL;2025-09;4.409;4.404;0.11
PR;ETANOL;2025-10;4.398;4.409;-0.25
PR;ETANOL;2025-11;4.416;4.398;0.41
PR;ETANOL;2025-12;4.510;4.416;2.13
PR;ETANOL;2026-01;4.646;4.510;3.02
PR;ETANOL;2026-02;4.682;4.646;0.77
PR;ETANOL;2026-03;4.754;4.682;1.54
PR;ETANOL;2026-04;4.732;4.754;-0.46
PR;ETANOL;2026-05;4.484;4.732;-5.24
PR;ETANOL;2026-06;4.299;4.484;-4.13
PR;GASOLINA;2023-01;5.084;;
PR;GASOLINA;2023-02;5.173;5.084;1.75
PR;GASOLINA;2023-03;5.593;5.173;8.12
PR;GASOLINA;2023-04;5.575;5.593;-0.32
PR;GASOLINA;2023-05;5.454;5.575;-2.17
PR;GASOLINA;2023-06;5.447;5.454;-0.13
PR;GASOLINA;2023-07;5.622;5.447;3.21
PR;GASOLINA;2023-08;5.743;5.622;2.15
PR;GASOLINA;2023-09;5.926;5.743;3.19
PR;GASOLINA;2023-10;5.870;5.926;-0.94
PR;GASOLINA;2023-11;5.754;5.870;-1.98
PR;GASOLINA;2023-12;5.739;5.754;-0.26
PR;GASOLINA;2024-01;5.726;5.739;-0.23
PR;GASOLINA;2024-02;5.887;5.726;2.81
PR;GASOLINA;2024-03;5.927;5.887;0.68
PR;GASOLINA;2024-04;5.953;5.927;0.44
PR;GASOLINA;2024-05;5.954;5.953;0.02
PR;GASOLINA;2024-06;5.947;5.954;-0.12
PR;GASOLINA;2024-07;6.111;5.947;2.76
PR;GASOLINA;2024-08;6.112;6.111;0.02
PR;GASOLINA;2024-09;6.145;6.112;0.54
PR;GASOLINA;2024-10;6.140;6.145;-0.08
PR;GASOLINA;2024-11;6.178;6.140;0.62
PR;GASOLINA;2024-12;6.231;6.178;0.86
PR;GASOLINA;2025-01;6.253;6.231;0.35
PR;GASOLINA;2025-02;6.545;6.253;4.67
PR;GASOLINA;2025-03;6.554;6.545;0.14
PR;GASOLINA;2025-04;6.521;6.554;-0.50
PR;GASOLINA;2025-05;6.479;6.521;-0.64
PR;GASOLINA;2025-06;6.432;6.479;-0.73
PR;GASOLINA;2025-07;6.403;6.432;-0.45
PR;GASOLINA;2025-08;6.401;6.403;-0.03
PR;GASOLINA;2025-09;6.395;6.401;-0.09
PR;GASOLINA;2025-10;6.381;6.395;-0.22
PR;GASOLINA;2025-11;6.382;6.381;0.02
PR;GASOLINA;2025-12;6.388;6.382;0.09
PR;GASOLINA;2026-01;6.526;6.388;2.16
PR;GASOLINA;2026-02;6.496;6.526;-0.46
PR;GASOLINA;2026-03;6.698;6.496;3.11
PR;GASOLINA;2026-04;6.816;6.698;1.76
PR;GASOLINA;2026-05;6.725;6.816;-1.34
PR;GASOLINA;2026-06;6.686;6.725;-0.58
RJ;ETANOL;2023-01;4.493;;
RJ;ETANOL;2023-02;4.398;4.493;-2.11
RJ;ETANOL;2023-03;4.483;4.398;1.93
RJ;ETANOL;2023-04;4.509;4.483;0.58
RJ;ETANOL;2023-05;4.545;4.509;0.80
RJ;ETANOL;2023-06;4.332;4.545;-4.69
RJ;ETANOL;2023-07;4.377;4.332;1.04
RJ;ETANOL;2023-08;4.166;4.377;-4.82
RJ;ETANOL;2023-09;4.163;4.166;-0.07
RJ;ETANOL;2023-10;4.151;4.163;-0.29
RJ;ETANOL;2023-11;4.124;4.151;-0.65
RJ;ETANOL;2023-12;4.079;4.124;-1.09
RJ;ETANOL;2024-01;4.000;4.079;-1.94
RJ;ETANOL;2024-02;4.080;4.000;2.00
RJ;ETANOL;2024-03;4.078;4.080;-0.05
RJ;ETANOL;2024-04;4.176;4.078;2.40
RJ;ETANOL;2024-05;4.245;4.176;1.65
RJ;ETANOL;2024-06;4.242;4.245;-0.07
RJ;ETANOL;2024-07;4.376;4.242;3.16
RJ;ETANOL;2024-08;4.448;4.376;1.65
RJ;ETANOL;2024-09;4.431;4.448;-0.38
RJ;ETANOL;2024-10;4.411;4.431;-0.45
RJ;ETANOL;2024-11;4.455;4.411;1.00
RJ;ETANOL;2024-12;4.469;4.455;0.31
RJ;ETANOL;2025-01;4.568;4.469;2.22
RJ;ETANOL;2025-02;4.699;4.568;2.87
RJ;ETANOL;2025-03;4.711;4.699;0.26
RJ;ETANOL;2025-04;4.670;4.711;-0.87
RJ;ETANOL;2025-05;4.641;4.670;-0.62
RJ;ETANOL;2025-06;4.576;4.641;-1.40
RJ;ETANOL;2025-07;4.545;4.576;-0.68
RJ;ETANOL;2025-08;4.514;4.545;-0.68
RJ;ETANOL;2025-09;4.516;4.514;0.04
RJ;ETANOL;2025-10;4.564;4.516;1.06
RJ;ETANOL;2025-11;4.587;4.564;0.50
RJ;ETANOL;2025-12;4.700;4.587;2.46
RJ;ETANOL;2026-01;4.928;4.700;4.85
RJ;ETANOL;2026-02;5.032;4.928;2.11
RJ;ETANOL;2026-03;5.125;5.032;1.85
RJ;ETANOL;2026-04;5.179;5.125;1.05
RJ;ETANOL;2026-05;5.005;5.179;-3.36
RJ;ETANOL;2026-06;4.907;5.005;-1.96
RJ;GASOLINA;2023-01;5.106;;
RJ;GASOLINA;2023-02;5.174;5.106;1.33
RJ;GASOLINA;2023-03;5.573;5.174;7.71
RJ;GASOLINA;2023-04;5.623;5.573;0.90
RJ;GASOLINA;2023-05;5.569;5.623;-0.96
RJ;GASOLINA;2023-06;5.418;5.569;-2.71
RJ;GASOLINA;2023-07;5.598;5.418;3.32
RJ;GASOLINA;2023-08;5.629;5.598;0.55
RJ;GASOLINA;2023-09;5.782;5.629;2.72
RJ;GASOLINA;2023-10;5.768;5.782;-0.24
RJ;GASOLINA;2023-11;5.707;5.768;-1.06
RJ;GASOLINA;2023-12;5.684;5.707;-0.40
RJ;GASOLINA;2024-01;5.658;5.684;-0.46
RJ;GASOLINA;2024-02;5.780;5.658;2.16
RJ;GASOLINA;2024-03;5.782;5.780;0.03
RJ;GASOLINA;2024-04;5.796;5.782;0.24
RJ;GASOLINA;2024-05;5.834;5.796;0.66
RJ;GASOLINA;2024-06;5.845;5.834;0.19
RJ;GASOLINA;2024-07;5.983;5.845;2.36
RJ;GASOLINA;2024-08;6.051;5.983;1.14
RJ;GASOLINA;2024-09;6.039;6.051;-0.20
RJ;GASOLINA;2024-10;6.037;6.039;-0.03
RJ;GASOLINA;2024-11;6.071;6.037;0.56
RJ;GASOLINA;2024-12;6.066;6.071;-0.08
RJ;GASOLINA;2025-01;6.114;6.066;0.79
RJ;GASOLINA;2025-02;6.236;6.114;2.00
RJ;GASOLINA;2025-03;6.229;6.236;-0.11
RJ;GASOLINA;2025-04;6.213;6.229;-0.26
RJ;GASOLINA;2025-05;6.204;6.213;-0.14
RJ;GASOLINA;2025-06;6.132;6.204;-1.16
RJ;GASOLINA;2025-07;6.114;6.132;-0.29
RJ;GASOLINA;2025-08;6.073;6.114;-0.67
RJ;GASOLINA;2025-09;6.059;6.073;-0.23
RJ;GASOLINA;2025-10;6.126;6.059;1.11
RJ;GASOLINA;2025-11;6.104;6.126;-0.36
RJ;GASOLINA;2025-12;6.108;6.104;0.07
RJ;GASOLINA;2026-01;6.266;6.108;2.59
RJ;GASOLINA;2026-02;6.282;6.266;0.26
RJ;GASOLINA;2026-03;6.541;6.282;4.12
RJ;GASOLINA;2026-04;6.789;6.541;3.79
RJ;GASOLINA;2026-05;6.708;6.789;-1.19
RJ;GASOLINA;2026-06;6.709;6.708;0.01
RN;ETANOL;2023-01;4.193;;
RN;ETANOL;2023-02;4.430;4.193;5.65
RN;ETANOL;2023-03;4.597;4.430;3.77
RN;ETANOL;2023-04;4.554;4.597;-0.94
RN;ETANOL;2023-05;4.511;4.554;-0.94
RN;ETANOL;2023-06;4.665;4.511;3.41
RN;ETANOL;2023-07;4.830;4.665;3.54
RN;ETANOL;2023-08;4.917;4.830;1.80
RN;ETANOL;2023-09;4.861;4.917;-1.14
RN;ETANOL;2023-10;4.681;4.861;-3.70
RN;ETANOL;2023-11;4.429;4.681;-5.38
RN;ETANOL;2023-12;4.454;4.429;0.56
RN;ETANOL;2024-01;4.238;4.454;-4.85
RN;ETANOL;2024-02;4.483;4.238;5.78
RN;ETANOL;2024-03;4.322;4.483;-3.59
RN;ETANOL;2024-04;4.666;4.322;7.96
RN;ETANOL;2024-05;4.837;4.666;3.66
RN;ETANOL;2024-06;4.809;4.837;-0.58
RN;ETANOL;2024-07;5.288;4.809;9.96
RN;ETANOL;2024-08;5.268;5.288;-0.38
RN;ETANOL;2024-09;4.861;5.268;-7.73
RN;ETANOL;2024-10;4.736;4.861;-2.57
RN;ETANOL;2024-11;4.424;4.736;-6.59
RN;ETANOL;2024-12;4.632;4.424;4.70
RN;ETANOL;2025-01;4.595;4.632;-0.80
RN;ETANOL;2025-02;5.193;4.595;13.01
RN;ETANOL;2025-03;5.027;5.193;-3.20
RN;ETANOL;2025-04;4.990;5.027;-0.74
RN;ETANOL;2025-05;5.060;4.990;1.40
RN;ETANOL;2025-06;5.089;5.060;0.57
RN;ETANOL;2025-07;5.079;5.089;-0.20
RN;ETANOL;2025-08;5.187;5.079;2.13
RN;ETANOL;2025-09;5.105;5.187;-1.58
RN;ETANOL;2025-10;5.142;5.105;0.72
RN;ETANOL;2025-11;4.754;5.142;-7.55
RN;ETANOL;2025-12;4.648;4.754;-2.23
RN;ETANOL;2026-01;5.352;4.648;15.15
RN;ETANOL;2026-02;5.397;5.352;0.84
RN;ETANOL;2026-03;5.769;5.397;6.89
RN;ETANOL;2026-04;5.674;5.769;-1.65
RN;ETANOL;2026-05;5.729;5.674;0.97
RN;ETANOL;2026-06;5.581;5.729;-2.58
RN;GASOLINA;2023-01;5.243;;
RN;GASOLINA;2023-02;5.474;5.243;4.41
RN;GASOLINA;2023-03;5.919;5.474;8.13
RN;GASOLINA;2023-04;5.822;5.919;-1.64
RN;GASOLINA;2023-05;5.643;5.822;-3.07
RN;GASOLINA;2023-06;5.710;5.643;1.19
RN;GASOLINA;2023-07;5.833;5.710;2.15
RN;GASOLINA;2023-08;6.100;5.833;4.58
RN;GASOLINA;2023-09;6.235;6.100;2.21
RN;GASOLINA;2023-10;5.869;6.235;-5.87
RN;GASOLINA;2023-11;5.566;5.869;-5.16
RN;GASOLINA;2023-12;5.833;5.566;4.80
RN;GASOLINA;2024-01;5.843;5.833;0.17
RN;GASOLINA;2024-02;6.165;5.843;5.51
RN;GASOLINA;2024-03;6.082;6.165;-1.35
RN;GASOLINA;2024-04;5.994;6.082;-1.45
RN;GASOLINA;2024-05;6.153;5.994;2.65
RN;GASOLINA;2024-06;6.244;6.153;1.48
RN;GASOLINA;2024-07;6.526;6.244;4.52
RN;GASOLINA;2024-08;6.473;6.526;-0.81
RN;GASOLINA;2024-09;6.188;6.473;-4.40
RN;GASOLINA;2024-10;6.340;6.188;2.46
RN;GASOLINA;2024-11;6.250;6.340;-1.42
RN;GASOLINA;2024-12;6.421;6.250;2.74
RN;GASOLINA;2025-01;6.333;6.421;-1.37
RN;GASOLINA;2025-02;6.732;6.333;6.30
RN;GASOLINA;2025-03;6.611;6.732;-1.80
RN;GASOLINA;2025-04;6.475;6.611;-2.06
RN;GASOLINA;2025-05;6.377;6.475;-1.51
RN;GASOLINA;2025-06;6.372;6.377;-0.08
RN;GASOLINA;2025-07;6.194;6.372;-2.79
RN;GASOLINA;2025-08;6.298;6.194;1.68
RN;GASOLINA;2025-09;6.191;6.298;-1.70
RN;GASOLINA;2025-10;6.313;6.191;1.97
RN;GASOLINA;2025-11;6.139;6.313;-2.76
RN;GASOLINA;2025-12;6.035;6.139;-1.69
RN;GASOLINA;2026-01;6.547;6.035;8.48
RN;GASOLINA;2026-02;6.603;6.547;0.86
RN;GASOLINA;2026-03;6.989;6.603;5.85
RN;GASOLINA;2026-04;6.745;6.989;-3.49
RN;GASOLINA;2026-05;6.795;6.745;0.74
RN;GASOLINA;2026-06;6.834;6.795;0.57
RO;ETANOL;2023-01;4.729;;
RO;ETANOL;2023-02;4.773;4.729;0.93
RO;ETANOL;2023-03;4.908;4.773;2.83
RO;ETANOL;2023-04;4.919;4.908;0.22
RO;ETANOL;2023-05;4.968;4.919;1.00
RO;ETANOL;2023-06;4.923;4.968;-0.91
RO;ETANOL;2023-07;5.093;4.923;3.45
RO;ETANOL;2023-08;5.064;5.093;-0.57
RO;ETANOL;2023-09;5.084;5.064;0.39
RO;ETANOL;2023-10;5.087;5.084;0.06
RO;ETANOL;2023-11;5.138;5.087;1.00
RO;ETANOL;2023-12;5.047;5.138;-1.77
RO;ETANOL;2024-01;5.000;5.047;-0.93
RO;ETANOL;2024-02;4.951;5.000;-0.98
RO;ETANOL;2024-03;4.848;4.951;-2.08
RO;ETANOL;2024-04;4.824;4.848;-0.50
RO;ETANOL;2024-05;4.829;4.824;0.10
RO;ETANOL;2024-06;4.845;4.829;0.33
RO;ETANOL;2024-07;4.939;4.845;1.94
RO;ETANOL;2024-08;5.045;4.939;2.15
RO;ETANOL;2024-09;5.013;5.045;-0.63
RO;ETANOL;2024-10;5.209;5.013;3.91
RO;ETANOL;2024-11;5.183;5.209;-0.50
RO;ETANOL;2024-12;5.131;5.183;-1.00
RO;ETANOL;2025-01;5.094;5.131;-0.72
RO;ETANOL;2025-02;5.227;5.094;2.61
RO;ETANOL;2025-03;5.222;5.227;-0.10
RO;ETANOL;2025-04;5.177;5.222;-0.86
RO;ETANOL;2025-05;5.047;5.177;-2.51
RO;ETANOL;2025-06;5.155;5.047;2.14
RO;ETANOL;2025-07;5.038;5.155;-2.27
RO;ETANOL;2025-08;4.996;5.038;-0.83
RO;ETANOL;2025-09;5.273;4.996;5.54
RO;ETANOL;2025-10;5.408;5.273;2.56
RO;ETANOL;2025-11;5.383;5.408;-0.46
RO;ETANOL;2025-12;5.402;5.383;0.35
RO;ETANOL;2026-01;5.457;5.402;1.02
RO;ETANOL;2026-02;5.445;5.457;-0.22
RO;ETANOL;2026-03;5.578;5.445;2.44
RO;ETANOL;2026-04;5.691;5.578;2.03
RO;ETANOL;2026-05;5.663;5.691;-0.49
RO;ETANOL;2026-06;5.602;5.663;-1.08
RO;GASOLINA;2023-01;5.198;;
RO;GASOLINA;2023-02;5.411;5.198;4.10
RO;GASOLINA;2023-03;5.985;5.411;10.61
RO;GASOLINA;2023-04;6.002;5.985;0.28
RO;GASOLINA;2023-05;5.890;6.002;-1.87
RO;GASOLINA;2023-06;5.912;5.890;0.37
RO;GASOLINA;2023-07;6.112;5.912;3.38
RO;GASOLINA;2023-08;6.272;6.112;2.62
RO;GASOLINA;2023-09;6.508;6.272;3.76
RO;GASOLINA;2023-10;6.438;6.508;-1.08
RO;GASOLINA;2023-11;6.435;6.438;-0.05
RO;GASOLINA;2023-12;6.443;6.435;0.12
RO;GASOLINA;2024-01;6.385;6.443;-0.90
RO;GASOLINA;2024-02;6.391;6.385;0.09
RO;GASOLINA;2024-03;6.350;6.391;-0.64
RO;GASOLINA;2024-04;6.378;6.350;0.44
RO;GASOLINA;2024-05;6.399;6.378;0.33
RO;GASOLINA;2024-06;6.409;6.399;0.16
RO;GASOLINA;2024-07;6.661;6.409;3.93
RO;GASOLINA;2024-08;6.802;6.661;2.12
RO;GASOLINA;2024-09;6.785;6.802;-0.25
RO;GASOLINA;2024-10;6.982;6.785;2.90
RO;GASOLINA;2024-11;7.104;6.982;1.75
RO;GASOLINA;2024-12;7.080;7.104;-0.34
RO;GASOLINA;2025-01;6.996;7.080;-1.19
RO;GASOLINA;2025-02;7.143;6.996;2.10
RO;GASOLINA;2025-03;7.027;7.143;-1.62
RO;GASOLINA;2025-04;7.015;7.027;-0.17
RO;GASOLINA;2025-05;6.939;7.015;-1.08
RO;GASOLINA;2025-06;6.869;6.939;-1.01
RO;GASOLINA;2025-07;6.845;6.869;-0.35
RO;GASOLINA;2025-08;6.744;6.845;-1.48
RO;GASOLINA;2025-09;6.853;6.744;1.62
RO;GASOLINA;2025-10;6.859;6.853;0.09
RO;GASOLINA;2025-11;6.821;6.859;-0.55
RO;GASOLINA;2025-12;6.831;6.821;0.15
RO;GASOLINA;2026-01;6.948;6.831;1.71
RO;GASOLINA;2026-02;6.921;6.948;-0.39
RO;GASOLINA;2026-03;7.231;6.921;4.48
RO;GASOLINA;2026-04;7.413;7.231;2.52
RO;GASOLINA;2026-05;7.399;7.413;-0.19
RO;GASOLINA;2026-06;7.357;7.399;-0.57
RR;ETANOL;2023-01;4.864;;
RR;ETANOL;2023-02;4.860;4.864;-0.08
RR;ETANOL;2023-03;4.881;4.860;0.43
RR;ETANOL;2023-04;4.932;4.881;1.04
RR;ETANOL;2023-05;5.041;4.932;2.21
RR;ETANOL;2023-06;5.065;5.041;0.48
RR;ETANOL;2023-07;5.151;5.065;1.70
RR;ETANOL;2023-08;5.014;5.151;-2.66
RR;ETANOL;2023-09;4.956;5.014;-1.16
RR;ETANOL;2023-10;4.887;4.956;-1.39
RR;ETANOL;2023-11;4.887;4.887;0.00
RR;ETANOL;2023-12;4.863;4.887;-0.49
RR;ETANOL;2024-01;4.845;4.863;-0.37
RR;ETANOL;2024-02;4.821;4.845;-0.50
RR;ETANOL;2024-03;4.825;4.821;0.08
RR;ETANOL;2024-04;4.818;4.825;-0.15
RR;ETANOL;2024-05;4.797;4.818;-0.44
RR;ETANOL;2024-06;4.805;4.797;0.17
RR;ETANOL;2024-07;4.811;4.805;0.12
RR;ETANOL;2024-08;4.813;4.811;0.04
RR;ETANOL;2024-09;4.813;4.813;0.00
RR;ETANOL;2024-10;4.916;4.813;2.14
RR;ETANOL;2024-11;5.056;4.916;2.85
RR;ETANOL;2024-12;5.168;5.056;2.22
RR;ETANOL;2025-01;5.130;5.168;-0.74
RR;ETANOL;2025-02;5.180;5.130;0.97
RR;ETANOL;2025-03;5.178;5.180;-0.04
RR;ETANOL;2025-04;5.158;5.178;-0.39
RR;ETANOL;2025-05;5.161;5.158;0.06
RR;ETANOL;2025-06;5.156;5.161;-0.10
RR;ETANOL;2025-07;5.157;5.156;0.02
RR;ETANOL;2025-08;5.156;5.157;-0.02
RR;ETANOL;2025-09;5.157;5.156;0.02
RR;ETANOL;2025-10;5.161;5.157;0.08
RR;ETANOL;2025-11;5.178;5.161;0.33
RR;ETANOL;2025-12;5.199;5.178;0.41
RR;ETANOL;2026-01;5.298;5.199;1.90
RR;ETANOL;2026-02;5.297;5.298;-0.02
RR;ETANOL;2026-03;5.440;5.297;2.70
RR;ETANOL;2026-04;5.519;5.440;1.45
RR;ETANOL;2026-05;5.504;5.519;-0.27
RR;ETANOL;2026-06;5.461;5.504;-0.78
RR;GASOLINA;2023-01;5.431;;
RR;GASOLINA;2023-02;5.579;5.431;2.73
RR;GASOLINA;2023-03;6.082;5.579;9.02
RR;GASOLINA;2023-04;6.091;6.082;0.15
RR;GASOLINA;2023-05;5.951;6.091;-2.30
RR;GASOLINA;2023-06;5.743;5.951;-3.50
RR;GASOLINA;2023-07;5.931;5.743;3.27
RR;GASOLINA;2023-08;5.972;5.931;0.69
RR;GASOLINA;2023-09;5.950;5.972;-0.37
RR;GASOLINA;2023-10;5.907;5.950;-0.72
RR;GASOLINA;2023-11;5.893;5.907;-0.24
RR;GASOLINA;2023-12;5.891;5.893;-0.03
RR;GASOLINA;2024-01;5.894;5.891;0.05
RR;GASOLINA;2024-02;6.068;5.894;2.95
RR;GASOLINA;2024-03;6.161;6.068;1.53
RR;GASOLINA;2024-04;6.156;6.161;-0.08
RR;GASOLINA;2024-05;6.148;6.156;-0.13
RR;GASOLINA;2024-06;6.187;6.148;0.63
RR;GASOLINA;2024-07;6.304;6.187;1.89
RR;GASOLINA;2024-08;6.479;6.304;2.78
RR;GASOLINA;2024-09;6.571;6.479;1.42
RR;GASOLINA;2024-10;6.728;6.571;2.39
RR;GASOLINA;2024-11;6.839;6.728;1.65
RR;GASOLINA;2024-12;6.891;6.839;0.76
RR;GASOLINA;2025-01;6.893;6.891;0.03
RR;GASOLINA;2025-02;7.074;6.893;2.63
RR;GASOLINA;2025-03;7.058;7.074;-0.23
RR;GASOLINA;2025-04;6.974;7.058;-1.19
RR;GASOLINA;2025-05;6.953;6.974;-0.30
RR;GASOLINA;2025-06;6.952;6.953;-0.01
RR;GASOLINA;2025-07;6.950;6.952;-0.03
RR;GASOLINA;2025-08;6.950;6.950;0.00
RR;GASOLINA;2025-09;6.950;6.950;0.00
RR;GASOLINA;2025-10;6.950;6.950;0.00
RR;GASOLINA;2025-11;6.950;6.950;0.00
RR;GASOLINA;2025-12;6.700;6.950;-3.60
RR;GASOLINA;2026-01;6.863;6.700;2.43
RR;GASOLINA;2026-02;6.948;6.863;1.24
RR;GASOLINA;2026-03;7.490;6.948;7.80
RR;GASOLINA;2026-04;7.829;7.490;4.53
RR;GASOLINA;2026-05;7.700;7.829;-1.65
RR;GASOLINA;2026-06;7.676;7.700;-0.31
RS;ETANOL;2023-01;4.853;;
RS;ETANOL;2023-02;4.788;4.853;-1.34
RS;ETANOL;2023-03;4.929;4.788;2.94
RS;ETANOL;2023-04;4.892;4.929;-0.75
RS;ETANOL;2023-05;4.923;4.892;0.63
RS;ETANOL;2023-06;4.806;4.923;-2.38
RS;ETANOL;2023-07;4.869;4.806;1.31
RS;ETANOL;2023-08;4.770;4.869;-2.03
RS;ETANOL;2023-09;4.747;4.770;-0.48
RS;ETANOL;2023-10;4.682;4.747;-1.37
RS;ETANOL;2023-11;4.631;4.682;-1.09
RS;ETANOL;2023-12;4.559;4.631;-1.55
RS;ETANOL;2024-01;4.472;4.559;-1.91
RS;ETANOL;2024-02;4.476;4.472;0.09
RS;ETANOL;2024-03;4.451;4.476;-0.56
RS;ETANOL;2024-04;4.498;4.451;1.06
RS;ETANOL;2024-05;4.658;4.498;3.56
RS;ETANOL;2024-06;4.588;4.658;-1.50
RS;ETANOL;2024-07;4.692;4.588;2.27
RS;ETANOL;2024-08;4.773;4.692;1.73
RS;ETANOL;2024-09;4.762;4.773;-0.23
RS;ETANOL;2024-10;4.754;4.762;-0.17
RS;ETANOL;2024-11;4.741;4.754;-0.27
RS;ETANOL;2024-12;4.760;4.741;0.40
RS;ETANOL;2025-01;4.786;4.760;0.55
RS;ETANOL;2025-02;4.917;4.786;2.74
RS;ETANOL;2025-03;4.935;4.917;0.37
RS;ETANOL;2025-04;4.932;4.935;-0.06
RS;ETANOL;2025-05;4.905;4.932;-0.55
RS;ETANOL;2025-06;4.849;4.905;-1.14
RS;ETANOL;2025-07;4.862;4.849;0.27
RS;ETANOL;2025-08;4.837;4.862;-0.51
RS;ETANOL;2025-09;4.829;4.837;-0.17
RS;ETANOL;2025-10;4.861;4.829;0.66
RS;ETANOL;2025-11;4.871;4.861;0.21
RS;ETANOL;2025-12;4.888;4.871;0.35
RS;ETANOL;2026-01;5.024;4.888;2.78
RS;ETANOL;2026-02;5.098;5.024;1.47
RS;ETANOL;2026-03;5.192;5.098;1.84
RS;ETANOL;2026-04;5.248;5.192;1.08
RS;ETANOL;2026-05;5.065;5.248;-3.49
RS;ETANOL;2026-06;4.903;5.065;-3.20
RS;GASOLINA;2023-01;4.947;;
RS;GASOLINA;2023-02;5.013;4.947;1.33
RS;GASOLINA;2023-03;5.518;5.013;10.07
RS;GASOLINA;2023-04;5.407;5.518;-2.01
RS;GASOLINA;2023-05;5.278;5.407;-2.39
RS;GASOLINA;2023-06;5.430;5.278;2.88
RS;GASOLINA;2023-07;5.668;5.430;4.38
RS;GASOLINA;2023-08;5.732;5.668;1.13
RS;GASOLINA;2023-09;5.801;5.732;1.20
RS;GASOLINA;2023-10;5.678;5.801;-2.12
RS;GASOLINA;2023-11;5.616;5.678;-1.09
RS;GASOLINA;2023-12;5.594;5.616;-0.39
RS;GASOLINA;2024-01;5.576;5.594;-0.32
RS;GASOLINA;2024-02;5.766;5.576;3.41
RS;GASOLINA;2024-03;5.710;5.766;-0.97
RS;GASOLINA;2024-04;5.774;5.710;1.12
RS;GASOLINA;2024-05;5.934;5.774;2.77
RS;GASOLINA;2024-06;5.905;5.934;-0.49
RS;GASOLINA;2024-07;6.120;5.905;3.64
RS;GASOLINA;2024-08;6.172;6.120;0.85
RS;GASOLINA;2024-09;6.146;6.172;-0.42
RS;GASOLINA;2024-10;6.118;6.146;-0.46
RS;GASOLINA;2024-11;6.091;6.118;-0.44
RS;GASOLINA;2024-12;6.095;6.091;0.07
RS;GASOLINA;2025-01;6.097;6.095;0.03
RS;GASOLINA;2025-02;6.328;6.097;3.79
RS;GASOLINA;2025-03;6.355;6.328;0.43
RS;GASOLINA;2025-04;6.337;6.355;-0.28
RS;GASOLINA;2025-05;6.253;6.337;-1.33
RS;GASOLINA;2025-06;6.130;6.253;-1.97
RS;GASOLINA;2025-07;6.197;6.130;1.09
RS;GASOLINA;2025-08;6.109;6.197;-1.42
RS;GASOLINA;2025-09;6.156;6.109;0.77
RS;GASOLINA;2025-10;6.232;6.156;1.23
RS;GASOLINA;2025-11;6.195;6.232;-0.59
RS;GASOLINA;2025-12;6.227;6.195;0.52
RS;GASOLINA;2026-01;6.356;6.227;2.07
RS;GASOLINA;2026-02;6.296;6.356;-0.94
RS;GASOLINA;2026-03;6.484;6.296;2.99
RS;GASOLINA;2026-04;6.598;6.484;1.76
RS;GASOLINA;2026-05;6.493;6.598;-1.59
RS;GASOLINA;2026-06;6.443;6.493;-0.77
SC;ETANOL;2023-01;4.587;;
SC;ETANOL;2023-02;4.620;4.587;0.72
SC;ETANOL;2023-03;4.627;4.620;0.15
SC;ETANOL;2023-04;4.663;4.627;0.78
SC;ETANOL;2023-05;4.718;4.663;1.18
SC;ETANOL;2023-06;4.623;4.718;-2.01
SC;ETANOL;2023-07;4.664;4.623;0.89
SC;ETANOL;2023-08;4.511;4.664;-3.28
SC;ETANOL;2023-09;4.474;4.511;-0.82
SC;ETANOL;2023-10;4.426;4.474;-1.07
SC;ETANOL;2023-11;4.380;4.426;-1.04
SC;ETANOL;2023-12;4.306;4.380;-1.69
SC;ETANOL;2024-01;4.235;4.306;-1.65
SC;ETANOL;2024-02;4.267;4.235;0.76
SC;ETANOL;2024-03;4.216;4.267;-1.20
SC;ETANOL;2024-04;4.263;4.216;1.11
SC;ETANOL;2024-05;4.357;4.263;2.21
SC;ETANOL;2024-06;4.307;4.357;-1.15
SC;ETANOL;2024-07;4.390;4.307;1.93
SC;ETANOL;2024-08;4.457;4.390;1.53
SC;ETANOL;2024-09;4.431;4.457;-0.58
SC;ETANOL;2024-10;4.504;4.431;1.65
SC;ETANOL;2024-11;4.546;4.504;0.93
SC;ETANOL;2024-12;4.547;4.546;0.02
SC;ETANOL;2025-01;4.604;4.547;1.25
SC;ETANOL;2025-02;4.825;4.604;4.80
SC;ETANOL;2025-03;4.846;4.825;0.44
SC;ETANOL;2025-04;4.814;4.846;-0.66
SC;ETANOL;2025-05;4.823;4.814;0.19
SC;ETANOL;2025-06;4.776;4.823;-0.97
SC;ETANOL;2025-07;4.725;4.776;-1.07
SC;ETANOL;2025-08;4.657;4.725;-1.44
SC;ETANOL;2025-09;4.673;4.657;0.34
SC;ETANOL;2025-10;4.694;4.673;0.45
SC;ETANOL;2025-11;4.705;4.694;0.23
SC;ETANOL;2025-12;4.766;4.705;1.30
SC;ETANOL;2026-01;4.931;4.766;3.46
SC;ETANOL;2026-02;4.974;4.931;0.87
SC;ETANOL;2026-03;5.046;4.974;1.45
SC;ETANOL;2026-04;5.064;5.046;0.36
SC;ETANOL;2026-05;4.881;5.064;-3.61
SC;ETANOL;2026-06;4.696;4.881;-3.79
SC;GASOLINA;2023-01;5.160;;
SC;GASOLINA;2023-02;5.193;5.160;0.64
SC;GASOLINA;2023-03;5.554;5.193;6.95
SC;GASOLINA;2023-04;5.556;5.554;0.04
SC;GASOLINA;2023-05;5.519;5.556;-0.67
SC;GASOLINA;2023-06;5.549;5.519;0.54
SC;GASOLINA;2023-07;5.780;5.549;4.16
SC;GASOLINA;2023-08;5.816;5.780;0.62
SC;GASOLINA;2023-09;5.872;5.816;0.96
SC;GASOLINA;2023-10;5.812;5.872;-1.02
SC;GASOLINA;2023-11;5.726;5.812;-1.48
SC;GASOLINA;2023-12;5.744;5.726;0.31
SC;GASOLINA;2024-01;5.719;5.744;-0.44
SC;GASOLINA;2024-02;5.897;5.719;3.11
SC;GASOLINA;2024-03;5.876;5.897;-0.36
SC;GASOLINA;2024-04;5.910;5.876;0.58
SC;GASOLINA;2024-05;5.983;5.910;1.24
SC;GASOLINA;2024-06;5.945;5.983;-0.64
SC;GASOLINA;2024-07;6.064;5.945;2.00
SC;GASOLINA;2024-08;6.121;6.064;0.94
SC;GASOLINA;2024-09;6.092;6.121;-0.47
SC;GASOLINA;2024-10;6.252;6.092;2.63
SC;GASOLINA;2024-11;6.268;6.252;0.26
SC;GASOLINA;2024-12;6.274;6.268;0.10
SC;GASOLINA;2025-01;6.277;6.274;0.05
SC;GASOLINA;2025-02;6.546;6.277;4.29
SC;GASOLINA;2025-03;6.541;6.546;-0.08
SC;GASOLINA;2025-04;6.520;6.541;-0.32
SC;GASOLINA;2025-05;6.501;6.520;-0.29
SC;GASOLINA;2025-06;6.414;6.501;-1.34
SC;GASOLINA;2025-07;6.382;6.414;-0.50
SC;GASOLINA;2025-08;6.340;6.382;-0.66
SC;GASOLINA;2025-09;6.313;6.340;-0.43
SC;GASOLINA;2025-10;6.332;6.313;0.30
SC;GASOLINA;2025-11;6.276;6.332;-0.88
SC;GASOLINA;2025-12;6.291;6.276;0.24
SC;GASOLINA;2026-01;6.489;6.291;3.15
SC;GASOLINA;2026-02;6.481;6.489;-0.12
SC;GASOLINA;2026-03;6.614;6.481;2.05
SC;GASOLINA;2026-04;6.741;6.614;1.92
SC;GASOLINA;2026-05;6.675;6.741;-0.98
SC;GASOLINA;2026-06;6.565;6.675;-1.65
SE;ETANOL;2023-01;4.067;;
SE;ETANOL;2023-02;4.049;4.067;-0.44
SE;ETANOL;2023-03;4.173;4.049;3.06
SE;ETANOL;2023-04;4.232;4.173;1.41
SE;ETANOL;2023-05;4.295;4.232;1.49
SE;ETANOL;2023-06;4.398;4.295;2.40
SE;ETANOL;2023-07;4.691;4.398;6.66
SE;ETANOL;2023-08;4.649;4.691;-0.90
SE;ETANOL;2023-09;4.700;4.649;1.10
SE;ETANOL;2023-10;4.648;4.700;-1.11
SE;ETANOL;2023-11;4.596;4.648;-1.12
SE;ETANOL;2023-12;4.181;4.596;-9.03
SE;ETANOL;2024-01;3.995;4.181;-4.45
SE;ETANOL;2024-02;4.208;3.995;5.33
SE;ETANOL;2024-03;4.230;4.208;0.52
SE;ETANOL;2024-04;4.562;4.230;7.85
SE;ETANOL;2024-05;4.796;4.562;5.13
SE;ETANOL;2024-06;4.776;4.796;-0.42
SE;ETANOL;2024-07;4.783;4.776;0.15
SE;ETANOL;2024-08;4.834;4.783;1.07
SE;ETANOL;2024-09;4.805;4.834;-0.60
SE;ETANOL;2024-10;4.557;4.805;-5.16
SE;ETANOL;2024-11;4.457;4.557;-2.19
SE;ETANOL;2024-12;4.363;4.457;-2.11
SE;ETANOL;2025-01;4.559;4.363;4.49
SE;ETANOL;2025-02;4.835;4.559;6.05
SE;ETANOL;2025-03;4.871;4.835;0.74
SE;ETANOL;2025-04;4.867;4.871;-0.08
SE;ETANOL;2025-05;4.893;4.867;0.53
SE;ETANOL;2025-06;4.931;4.893;0.78
SE;ETANOL;2025-07;4.938;4.931;0.14
SE;ETANOL;2025-08;4.950;4.938;0.24
SE;ETANOL;2025-09;4.943;4.950;-0.14
SE;ETANOL;2025-10;4.914;4.943;-0.59
SE;ETANOL;2025-11;4.822;4.914;-1.87
SE;ETANOL;2025-12;4.802;4.822;-0.41
SE;ETANOL;2026-01;4.822;4.802;0.42
SE;ETANOL;2026-02;4.888;4.822;1.37
SE;ETANOL;2026-03;5.024;4.888;2.78
SE;ETANOL;2026-04;5.471;5.024;8.90
SE;ETANOL;2026-05;5.585;5.471;2.08
SE;ETANOL;2026-06;5.552;5.585;-0.59
SE;GASOLINA;2023-01;5.041;;
SE;GASOLINA;2023-02;5.044;5.041;0.06
SE;GASOLINA;2023-03;5.424;5.044;7.53
SE;GASOLINA;2023-04;5.391;5.424;-0.61
SE;GASOLINA;2023-05;5.106;5.391;-5.29
SE;GASOLINA;2023-06;5.418;5.106;6.11
SE;GASOLINA;2023-07;5.862;5.418;8.19
SE;GASOLINA;2023-08;6.075;5.862;3.63
SE;GASOLINA;2023-09;6.172;6.075;1.60
SE;GASOLINA;2023-10;6.123;6.172;-0.79
SE;GASOLINA;2023-11;5.972;6.123;-2.47
SE;GASOLINA;2023-12;5.364;5.972;-10.18
SE;GASOLINA;2024-01;5.481;5.364;2.18
SE;GASOLINA;2024-02;6.033;5.481;10.07
SE;GASOLINA;2024-03;6.042;6.033;0.15
SE;GASOLINA;2024-04;6.100;6.042;0.96
SE;GASOLINA;2024-05;6.290;6.100;3.11
SE;GASOLINA;2024-06;6.237;6.290;-0.84
SE;GASOLINA;2024-07;6.289;6.237;0.83
SE;GASOLINA;2024-08;6.377;6.289;1.40
SE;GASOLINA;2024-09;6.265;6.377;-1.76
SE;GASOLINA;2024-10;6.056;6.265;-3.34
SE;GASOLINA;2024-11;6.042;6.056;-0.23
SE;GASOLINA;2024-12;6.284;6.042;4.01
SE;GASOLINA;2025-01;6.348;6.284;1.02
SE;GASOLINA;2025-02;6.576;6.348;3.59
SE;GASOLINA;2025-03;6.610;6.576;0.52
SE;GASOLINA;2025-04;6.548;6.610;-0.94
SE;GASOLINA;2025-05;6.580;6.548;0.49
SE;GASOLINA;2025-06;6.587;6.580;0.11
SE;GASOLINA;2025-07;6.607;6.587;0.30
SE;GASOLINA;2025-08;6.642;6.607;0.53
SE;GASOLINA;2025-09;6.634;6.642;-0.12
SE;GASOLINA;2025-10;6.580;6.634;-0.81
SE;GASOLINA;2025-11;6.478;6.580;-1.55
SE;GASOLINA;2025-12;6.463;6.478;-0.23
SE;GASOLINA;2026-01;6.459;6.463;-0.06
SE;GASOLINA;2026-02;6.472;6.459;0.20
SE;GASOLINA;2026-03;6.937;6.472;7.18
SE;GASOLINA;2026-04;7.197;6.937;3.75
SE;GASOLINA;2026-05;7.303;7.197;1.47
SE;GASOLINA;2026-06;7.106;7.303;-2.70
SP;ETANOL;2023-01;3.796;;
SP;ETANOL;2023-02;3.719;3.796;-2.03
SP;ETANOL;2023-03;3.798;3.719;2.12
SP;ETANOL;2023-04;3.883;3.798;2.24
SP;ETANOL;2023-05;3.858;3.883;-0.64
SP;ETANOL;2023-06;3.628;3.858;-5.96
SP;ETANOL;2023-07;3.632;3.628;0.11
SP;ETANOL;2023-08;3.453;3.632;-4.93
SP;ETANOL;2023-09;3.478;3.453;0.72
SP;ETANOL;2023-10;3.460;3.478;-0.52
SP;ETANOL;2023-11;3.447;3.460;-0.38
SP;ETANOL;2023-12;3.375;3.447;-2.09
SP;ETANOL;2024-01;3.268;3.375;-3.17
SP;ETANOL;2024-02;3.413;3.268;4.44
SP;ETANOL;2024-03;3.431;3.413;0.53
SP;ETANOL;2024-04;3.631;3.431;5.83
SP;ETANOL;2024-05;3.683;3.631;1.43
SP;ETANOL;2024-06;3.649;3.683;-0.92
SP;ETANOL;2024-07;3.843;3.649;5.32
SP;ETANOL;2024-08;3.923;3.843;2.08
SP;ETANOL;2024-09;3.879;3.923;-1.12
SP;ETANOL;2024-10;3.870;3.879;-0.23
SP;ETANOL;2024-11;3.915;3.870;1.16
SP;ETANOL;2024-12;3.957;3.915;1.07
SP;ETANOL;2025-01;4.038;3.957;2.05
SP;ETANOL;2025-02;4.204;4.038;4.11
SP;ETANOL;2025-03;4.191;4.204;-0.31
SP;ETANOL;2025-04;4.138;4.191;-1.26
SP;ETANOL;2025-05;4.107;4.138;-0.75
SP;ETANOL;2025-06;4.016;4.107;-2.22
SP;ETANOL;2025-07;3.979;4.016;-0.92
SP;ETANOL;2025-08;3.987;3.979;0.20
SP;ETANOL;2025-09;4.091;3.987;2.61
SP;ETANOL;2025-10;4.108;4.091;0.42
SP;ETANOL;2025-11;4.129;4.108;0.51
SP;ETANOL;2025-12;4.248;4.129;2.88
SP;ETANOL;2026-01;4.411;4.248;3.84
SP;ETANOL;2026-02;4.482;4.411;1.61
SP;ETANOL;2026-03;4.512;4.482;0.67
SP;ETANOL;2026-04;4.456;4.512;-1.24
SP;ETANOL;2026-05;4.063;4.456;-8.82
SP;ETANOL;2026-06;3.873;4.063;-4.68
SP;GASOLINA;2023-01;4.942;;
SP;GASOLINA;2023-02;4.969;4.942;0.55
SP;GASOLINA;2023-03;5.338;4.969;7.43
SP;GASOLINA;2023-04;5.341;5.338;0.06
SP;GASOLINA;2023-05;5.262;5.341;-1.48
SP;GASOLINA;2023-06;5.261;5.262;-0.02
SP;GASOLINA;2023-07;5.424;5.261;3.10
SP;GASOLINA;2023-08;5.486;5.424;1.14
SP;GASOLINA;2023-09;5.628;5.486;2.59
SP;GASOLINA;2023-10;5.590;5.628;-0.68
SP;GASOLINA;2023-11;5.536;5.590;-0.97
SP;GASOLINA;2023-12;5.509;5.536;-0.49
SP;GASOLINA;2024-01;5.472;5.509;-0.67
SP;GASOLINA;2024-02;5.594;5.472;2.23
SP;GASOLINA;2024-03;5.610;5.594;0.29
SP;GASOLINA;2024-04;5.629;5.610;0.34
SP;GASOLINA;2024-05;5.644;5.629;0.27
SP;GASOLINA;2024-06;5.632;5.644;-0.21
SP;GASOLINA;2024-07;5.778;5.632;2.59
SP;GASOLINA;2024-08;5.925;5.778;2.54
SP;GASOLINA;2024-09;5.923;5.925;-0.03
SP;GASOLINA;2024-10;5.920;5.923;-0.05
SP;GASOLINA;2024-11;5.941;5.920;0.35
SP;GASOLINA;2024-12;5.977;5.941;0.61
SP;GASOLINA;2025-01;6.018;5.977;0.69
SP;GASOLINA;2025-02;6.184;6.018;2.76
SP;GASOLINA;2025-03;6.176;6.184;-0.13
SP;GASOLINA;2025-04;6.150;6.176;-0.42
SP;GASOLINA;2025-05;6.139;6.150;-0.18
SP;GASOLINA;2025-06;6.075;6.139;-1.04
SP;GASOLINA;2025-07;6.057;6.075;-0.30
SP;GASOLINA;2025-08;6.044;6.057;-0.21
SP;GASOLINA;2025-09;6.064;6.044;0.33
SP;GASOLINA;2025-10;6.057;6.064;-0.12
SP;GASOLINA;2025-11;6.047;6.057;-0.17
SP;GASOLINA;2025-12;6.077;6.047;0.50
SP;GASOLINA;2026-01;6.179;6.077;1.68
SP;GASOLINA;2026-02;6.189;6.179;0.16
SP;GASOLINA;2026-03;6.474;6.189;4.60
SP;GASOLINA;2026-04;6.662;6.474;2.90
SP;GASOLINA;2026-05;6.513;6.662;-2.24
SP;GASOLINA;2026-06;6.476;6.513;-0.57
TO;ETANOL;2023-01;4.379;;
TO;ETANOL;2023-02;4.336;4.379;-0.98
TO;ETANOL;2023-03;4.501;4.336;3.81
TO;ETANOL;2023-04;4.558;4.501;1.27
TO;ETANOL;2023-05;4.616;4.558;1.27
TO;ETANOL;2023-06;4.530;4.616;-1.86
TO;ETANOL;2023-07;4.601;4.530;1.57
TO;ETANOL;2023-08;4.633;4.601;0.70
TO;ETANOL;2023-09;4.563;4.633;-1.51
TO;ETANOL;2023-10;4.444;4.563;-2.61
TO;ETANOL;2023-11;4.335;4.444;-2.45
TO;ETANOL;2023-12;4.149;4.335;-4.29
TO;ETANOL;2024-01;3.976;4.149;-4.17
TO;ETANOL;2024-02;4.028;3.976;1.31
TO;ETANOL;2024-03;4.071;4.028;1.07
TO;ETANOL;2024-04;4.192;4.071;2.97
TO;ETANOL;2024-05;4.315;4.192;2.93
TO;ETANOL;2024-06;4.299;4.315;-0.37
TO;ETANOL;2024-07;4.471;4.299;4.00
TO;ETANOL;2024-08;4.597;4.471;2.82
TO;ETANOL;2024-09;4.590;4.597;-0.15
TO;ETANOL;2024-10;4.549;4.590;-0.89
TO;ETANOL;2024-11;4.564;4.549;0.33
TO;ETANOL;2024-12;4.632;4.564;1.49
TO;ETANOL;2025-01;4.707;4.632;1.62
TO;ETANOL;2025-02;4.777;4.707;1.49
TO;ETANOL;2025-03;4.772;4.777;-0.10
TO;ETANOL;2025-04;4.786;4.772;0.29
TO;ETANOL;2025-05;4.772;4.786;-0.29
TO;ETANOL;2025-06;4.770;4.772;-0.04
TO;ETANOL;2025-07;4.743;4.770;-0.57
TO;ETANOL;2025-08;4.777;4.743;0.72
TO;ETANOL;2025-09;4.794;4.777;0.36
TO;ETANOL;2025-10;4.776;4.794;-0.38
TO;ETANOL;2025-11;4.771;4.776;-0.10
TO;ETANOL;2025-12;4.860;4.771;1.87
TO;ETANOL;2026-01;5.119;4.860;5.33
TO;ETANOL;2026-02;5.229;5.119;2.15
TO;ETANOL;2026-03;5.451;5.229;4.25
TO;ETANOL;2026-04;5.470;5.451;0.35
TO;ETANOL;2026-05;5.389;5.470;-1.48
TO;ETANOL;2026-06;5.193;5.389;-3.64
TO;GASOLINA;2023-01;5.232;;
TO;GASOLINA;2023-02;5.247;5.232;0.29
TO;GASOLINA;2023-03;5.673;5.247;8.12
TO;GASOLINA;2023-04;5.790;5.673;2.06
TO;GASOLINA;2023-05;5.720;5.790;-1.21
TO;GASOLINA;2023-06;5.614;5.720;-1.85
TO;GASOLINA;2023-07;5.944;5.614;5.88
TO;GASOLINA;2023-08;6.093;5.944;2.51
TO;GASOLINA;2023-09;6.178;6.093;1.40
TO;GASOLINA;2023-10;6.015;6.178;-2.64
TO;GASOLINA;2023-11;5.889;6.015;-2.09
TO;GASOLINA;2023-12;5.789;5.889;-1.70
TO;GASOLINA;2024-01;5.647;5.789;-2.45
TO;GASOLINA;2024-02;5.870;5.647;3.95
TO;GASOLINA;2024-03;5.857;5.870;-0.22
TO;GASOLINA;2024-04;6.003;5.857;2.49
TO;GASOLINA;2024-05;6.023;6.003;0.33
TO;GASOLINA;2024-06;6.002;6.023;-0.35
TO;GASOLINA;2024-07;6.312;6.002;5.16
TO;GASOLINA;2024-08;6.479;6.312;2.65
TO;GASOLINA;2024-09;6.446;6.479;-0.51
TO;GASOLINA;2024-10;6.425;6.446;-0.33
TO;GASOLINA;2024-11;6.431;6.425;0.09
TO;GASOLINA;2024-12;6.449;6.431;0.28
TO;GASOLINA;2025-01;6.431;6.449;-0.28
TO;GASOLINA;2025-02;6.639;6.431;3.23
TO;GASOLINA;2025-03;6.603;6.639;-0.54
TO;GASOLINA;2025-04;6.542;6.603;-0.92
TO;GASOLINA;2025-05;6.542;6.542;0.00
TO;GASOLINA;2025-06;6.540;6.542;-0.03
TO;GASOLINA;2025-07;6.473;6.540;-1.02
TO;GASOLINA;2025-08;6.530;6.473;0.88
TO;GASOLINA;2025-09;6.542;6.530;0.18
TO;GASOLINA;2025-10;6.486;6.542;-0.86
TO;GASOLINA;2025-11;6.484;6.486;-0.03
TO;GASOLINA;2025-12;6.585;6.484;1.56
TO;GASOLINA;2026-01;6.542;6.585;-0.65
TO;GASOLINA;2026-02;6.525;6.542;-0.26
TO;GASOLINA;2026-03;7.023;6.525;7.63
TO;GASOLINA;2026-04;7.110;7.023;1.24
TO;GASOLINA;2026-05;7.105;7.110;-0.07
TO;GASOLINA;2026-06;7.104;7.105;-0.01
